1,2,master,1550093236000
1,3,master,1550093236000
1,4,master,1550093236000
2,5,master,1550093236000
2,6,master,1550093236000
2,7,master,1550093236000
3,8,master,1550093236000
3,9,master,1550093236000
3,10,master,1550093236000
4,11,master,1550093236000
4,12,master,1550093236000
4,13,master,1550093236000
5,14,master,1550093236000
5,15,master,1550093236000
5,16,master,1550093236000
6,17,master,1550093236000
6,18,master,1550093236000
6,19,master,1550093236000
7,20,master,1550093236000
7,21,master,1550093236000
7,22,master,1550093236000
8,23,master,1550093236000
8,24,master,1550093236000
8,25,master,1550093236000
9,26,master,1550093236000
9,27,master,1550093236000
9,28,master,1550093236000
10,29,master,1550093236000
10,30,master,1550093236000
10,31,master,1550093236000
11,32,master,1550093236000
11,33,master,1550093236000
11,34,master,1550093236000
12,35,master,1550093236000
12,36,master,1550093236000
12,37,master,1550093236000
13,38,master,1550093236000
13,39,master,1550093236000
13,40,master,1550093236000
14,41,master,1550093236000
14,42,master,1550093236000
14,43,master,1550093236000
15,44,master,1550093236000
15,45,master,1550093236000
15,46,master,1550093236000
16,47,master,1550093236000
16,48,master,1550093236000
16,49,master,1550093236000
17,50,master,1550093236000
17,51,master,1550093236000
17,52,master,1550093236000
18,53,master,1550093236000
18,54,master,1550093236000
18,55,master,1550093236000
19,56,master,1550093236000
19,57,master,1550093236000
19,58,master,1550093236000
20,59,master,1550093236000
20,60,master,1550093236000
20,61,master,1550093236000
21,62,master,1550093236000
21,63,master,1550093236000
21,64,master,1550093236000
22,65,master,1550093236000
22,66,master,1550093236000
22,67,master,1550093236000
23,68,master,1550093236000
23,69,master,1550093236000
23,70,master,1550093236000
24,71,master,1550093236000
24,72,master,1550093236000
24,73,master,1550093236000
25,74,master,1550093236000
25,75,master,1550093236000
25,76,master,1550093236000
26,77,master,1550093236000
26,78,master,1550093236000
26,79,master,1550093236000
27,80,master,1550093236000
27,81,master,1550093236000
27,82,master,1550093236000
28,83,master,1550093236000
28,84,master,1550093236000
28,85,master,1550093236000
29,86,master,1550093236000
29,87,master,1550093236000
29,88,master,1550093236000
30,89,master,1550093236000
30,90,master,1550093236000
30,91,master,1550093236000
31,92,master,1550093236000
31,93,master,1550093236000
31,94,master,1550093236000
32,95,master,1550093236000
32,96,master,1550093236000
32,97,master,1550093236000
33,98,master,1550093236000
33,99,master,1550093236000
33,100,master,1550093236000
34,101,master,1550093236000
34,102,master,1550093236000
34,103,master,1550093236000
35,104,master,1550093236000
35,105,master,1550093236000
35,106,master,1550093236000
36,107,master,1550093236000
36,108,master,1550093236000
36,109,master,1550093236000
37,110,master,1550093236000
37,111,master,1550093236000
37,112,master,1550093236000
38,113,master,1550093236000
38,114,master,1550093236000
38,115,master,1550093236000
39,116,master,1550093236000
39,117,master,1550093236000
39,118,master,1550093236000
40,119,master,1550093236000
40,120,master,1550093236000
40,121,master,1550093236000
122,123,master,1550093236000
122,124,master,1550093236000
122,125,master,1550093236000
123,126,master,1550093236000
123,127,master,1550093236000
123,128,master,1550093236000
124,129,master,1550093236000
124,130,master,1550093236000
124,131,master,1550093236000
125,132,master,1550093236000
125,133,master,1550093236000
125,134,master,1550093236000
126,135,master,1550093236000
126,136,master,1550093236000
126,137,master,1550093236000
127,138,master,1550093236000
127,139,master,1550093236000
127,140,master,1550093236000
128,141,master,1550093236000
128,142,master,1550093236000
128,143,master,1550093236000
129,144,master,1550093236000
129,145,master,1550093236000
129,146,master,1550093236000
130,147,master,1550093236000
130,148,master,1550093236000
130,149,master,1550093236000
131,150,master,1550093236000
131,151,master,1550093236000
131,152,master,1550093236000
132,153,master,1550093236000
132,154,master,1550093236000
132,155,master,1550093236000
133,156,master,1550093236000
133,157,master,1550093236000
133,158,master,1550093236000
134,159,master,1550093236000
134,160,master,1550093236000
134,161,master,1550093236000
135,162,master,1550093236000
135,163,master,1550093236000
135,164,master,1550093236000
136,165,master,1550093236000
136,166,master,1550093236000
136,167,master,1550093236000
137,168,master,1550093236000
137,169,master,1550093236000
137,170,master,1550093236000
138,171,master,1550093236000
138,172,master,1550093236000
138,173,master,1550093236000
139,174,master,1550093236000
139,175,master,1550093236000
139,176,master,1550093236000
140,177,master,1550093236000
140,178,master,1550093236000
140,179,master,1550093236000
141,180,master,1550093236000
141,181,master,1550093236000
141,182,master,1550093236000
142,183,master,1550093236000
142,184,master,1550093236000
142,185,master,1550093236000
143,186,master,1550093236000
143,187,master,1550093236000
143,188,master,1550093236000
144,189,master,1550093236000
144,190,master,1550093236000
144,191,master,1550093236000
145,192,master,1550093236000
145,193,master,1550093236000
145,194,master,1550093236000
146,195,master,1550093236000
146,196,master,1550093236000
146,197,master,1550093236000
147,198,master,1550093236000
147,199,master,1550093236000
147,200,master,1550093236000
148,201,master,1550093236000
148,202,master,1550093236000
148,203,master,1550093236000
149,204,master,1550093236000
149,205,master,1550093236000
149,206,master,1550093236000
150,207,master,1550093236000
150,208,master,1550093236000
150,209,master,1550093236000
151,210,master,1550093236000
151,211,master,1550093236000
151,212,master,1550093236000
152,213,master,1550093236000
152,214,master,1550093236000
152,215,master,1550093236000
153,216,master,1550093236000
153,217,master,1550093236000
153,218,master,1550093236000
154,219,master,1550093236000
154,220,master,1550093236000
154,221,master,1550093236000
155,222,master,1550093236000
155,223,master,1550093236000
155,224,master,1550093236000
156,225,master,1550093236000
156,226,master,1550093236000
156,227,master,1550093236000
157,228,master,1550093236000
157,229,master,1550093236000
157,230,master,1550093236000
158,231,master,1550093236000
158,232,master,1550093236000
158,233,master,1550093236000
159,234,master,1550093236000
159,235,master,1550093236000
159,236,master,1550093236000
160,237,master,1550093236000
160,238,master,1550093236000
160,239,master,1550093236000
161,240,master,1550093236000
161,241,master,1550093236000
161,242,master,1550093236000
243,244,master,1550093236000
243,245,master,1550093236000
243,246,master,1550093236000
244,247,master,1550093236000
244,248,master,1550093236000
244,249,master,1550093236000
245,250,master,1550093236000
245,251,master,1550093236000
245,252,master,1550093236000
246,253,master,1550093236000
246,254,master,1550093236000
246,255,master,1550093236000
247,256,master,1550093236000
247,257,master,1550093236000
247,258,master,1550093236000
248,259,master,1550093236000
248,260,master,1550093236000
248,261,master,1550093236000
249,262,master,1550093236000
249,263,master,1550093236000
249,264,master,1550093236000
250,265,master,1550093236000
250,266,master,1550093236000
250,267,master,1550093236000
251,268,master,1550093236000
251,269,master,1550093236000
251,270,master,1550093236000
252,271,master,1550093236000
252,272,master,1550093236000
252,273,master,1550093236000
253,274,master,1550093236000
253,275,master,1550093236000
253,276,master,1550093236000
254,277,master,1550093236000
254,278,master,1550093236000
254,279,master,1550093236000
255,280,master,1550093236000
255,281,master,1550093236000
255,282,master,1550093236000
256,283,master,1550093236000
256,284,master,1550093236000
256,285,master,1550093236000
257,286,master,1550093236000
257,287,master,1550093236000
257,288,master,1550093236000
258,289,master,1550093236000
258,290,master,1550093236000
258,291,master,1550093236000
259,292,master,1550093236000
259,293,master,1550093236000
259,294,master,1550093236000
260,295,master,1550093236000
260,296,master,1550093236000
260,297,master,1550093236000
261,298,master,1550093236000
261,299,master,1550093236000
261,300,master,1550093236000
262,301,master,1550093236000
262,302,master,1550093236000
262,303,master,1550093236000
263,304,master,1550093236000
263,305,master,1550093236000
263,306,master,1550093236000
264,307,master,1550093236000
264,308,master,1550093236000
264,309,master,1550093236000
265,310,master,1550093236000
265,311,master,1550093236000
265,312,master,1550093236000
266,313,master,1550093236000
266,314,master,1550093236000
266,315,master,1550093236000
267,316,master,1550093236000
267,317,master,1550093236000
267,318,master,1550093236000
268,319,master,1550093236000
268,320,master,1550093236000
268,321,master,1550093236000
269,322,master,1550093236000
269,323,master,1550093236000
269,324,master,1550093236000
270,325,master,1550093236000
270,326,master,1550093236000
270,327,master,1550093236000
271,328,master,1550093236000
271,329,master,1550093236000
271,330,master,1550093236000
272,331,master,1550093236000
272,332,master,1550093236000
272,333,master,1550093236000
273,334,master,1550093236000
273,335,master,1550093236000
273,336,master,1550093236000
274,337,master,1550093236000
274,338,master,1550093236000
274,339,master,1550093236000
275,340,master,1550093236000
275,341,master,1550093236000
275,342,master,1550093236000
276,343,master,1550093236000
276,344,master,1550093236000
276,345,master,1550093236000
277,346,master,1550093236000
277,347,master,1550093236000
277,348,master,1550093236000
278,349,master,1550093236000
278,350,master,1550093236000
278,351,master,1550093236000
279,352,master,1550093236000
279,353,master,1550093236000
279,354,master,1550093236000
280,355,master,1550093236000
280,356,master,1550093236000
280,357,master,1550093236000
281,358,master,1550093236000
281,359,master,1550093236000
281,360,master,1550093236000
282,361,master,1550093236000
282,362,master,1550093236000
282,363,master,1550093236000
364,365,master,1550093236000
364,366,master,1550093236000
364,367,master,1550093236000
365,368,master,1550093236000
365,369,master,1550093236000
365,370,master,1550093236000
366,371,master,1550093236000
366,372,master,1550093236000
366,373,master,1550093236000
367,374,master,1550093236000
367,375,master,1550093236000
367,376,master,1550093236000
368,377,master,1550093236000
368,378,master,1550093236000
368,379,master,1550093236000
369,380,master,1550093236000
369,381,master,1550093236000
369,382,master,1550093236000
370,383,master,1550093236000
370,384,master,1550093236000
370,385,master,1550093236000
371,386,master,1550093236000
371,387,master,1550093236000
371,388,master,1550093236000
372,389,master,1550093236000
372,390,master,1550093236000
372,391,master,1550093236000
373,392,master,1550093236000
373,393,master,1550093236000
373,394,master,1550093236000
374,395,master,1550093236000
374,396,master,1550093236000
374,397,master,1550093236000
375,398,master,1550093236000
375,399,master,1550093236000
375,400,master,1550093236000
376,401,master,1550093236000
376,402,master,1550093236000
376,403,master,1550093236000
377,404,master,1550093236000
377,405,master,1550093236000
377,406,master,1550093236000
378,407,master,1550093236000
378,408,master,1550093236000
378,409,master,1550093236000
379,410,master,1550093236000
379,411,master,1550093236000
379,412,master,1550093236000
380,413,master,1550093236000
380,414,master,1550093236000
380,415,master,1550093236000
381,416,master,1550093236000
381,417,master,1550093236000
381,418,master,1550093236000
382,419,master,1550093236000
382,420,master,1550093236000
382,421,master,1550093236000
383,422,master,1550093236000
383,423,master,1550093236000
383,424,master,1550093236000
384,425,master,1550093236000
384,426,master,1550093236000
384,427,master,1550093236000
385,428,master,1550093236000
385,429,master,1550093236000
385,430,master,1550093236000
386,431,master,1550093236000
386,432,master,1550093236000
386,433,master,1550093236000
387,434,master,1550093236000
387,435,master,1550093236000
387,436,master,1550093236000
388,437,master,1550093236000
388,438,master,1550093236000
388,439,master,1550093236000
389,440,master,1550093236000
389,441,master,1550093236000
389,442,master,1550093236000
390,443,master,1550093236000
390,444,master,1550093236000
390,445,master,1550093236000
391,446,master,1550093236000
391,447,master,1550093236000
391,448,master,1550093236000
392,449,master,1550093236000
392,450,master,1550093236000
392,451,master,1550093236000
393,452,master,1550093236000
393,453,master,1550093236000
393,454,master,1550093236000
394,455,master,1550093236000
394,456,master,1550093236000
394,457,master,1550093236000
395,458,master,1550093236000
395,459,master,1550093236000
395,460,master,1550093236000
396,461,master,1550093236000
396,462,master,1550093236000
396,463,master,1550093236000
397,464,master,1550093236000
397,465,master,1550093236000
397,466,master,1550093236000
398,467,master,1550093236000
398,468,master,1550093236000
398,469,master,1550093236000
399,470,master,1550093236000
399,471,master,1550093236000
399,472,master,1550093236000
400,473,master,1550093236000
400,474,master,1550093236000
400,475,master,1550093236000
401,476,master,1550093236000
401,477,master,1550093236000
401,478,master,1550093236000
402,479,master,1550093236000
402,480,master,1550093236000
402,481,master,1550093236000
403,482,master,1550093236000
403,483,master,1550093236000
403,484,master,1550093236000
485,486,master,1550093236000
485,487,master,1550093236000
485,488,master,1550093236000
486,489,master,1550093236000
486,490,master,1550093236000
486,491,master,1550093236000
487,492,master,1550093236000
487,493,master,1550093236000
487,494,master,1550093236000
488,495,master,1550093236000
488,496,master,1550093236000
488,497,master,1550093236000
489,498,master,1550093236000
489,499,master,1550093236000
489,500,master,1550093236000
490,501,master,1550093236000
490,502,master,1550093236000
490,503,master,1550093236000
491,504,master,1550093236000
491,505,master,1550093236000
491,506,master,1550093236000
492,507,master,1550093236000
492,508,master,1550093236000
492,509,master,1550093236000
493,510,master,1550093236000
493,511,master,1550093236000
493,512,master,1550093236000
494,513,master,1550093236000
494,514,master,1550093236000
494,515,master,1550093236000
495,516,master,1550093236000
495,517,master,1550093236000
495,518,master,1550093236000
496,519,master,1550093236000
496,520,master,1550093236000
496,521,master,1550093236000
497,522,master,1550093236000
497,523,master,1550093236000
497,524,master,1550093236000
498,525,master,1550093236000
498,526,master,1550093236000
498,527,master,1550093236000
499,528,master,1550093236000
499,529,master,1550093236000
499,530,master,1550093236000
500,531,master,1550093236000
500,532,master,1550093236000
500,533,master,1550093236000
501,534,master,1550093236000
501,535,master,1550093236000
501,536,master,1550093236000
502,537,master,1550093236000
502,538,master,1550093236000
502,539,master,1550093236000
503,540,master,1550093236000
503,541,master,1550093236000
503,542,master,1550093236000
504,543,master,1550093236000
504,544,master,1550093236000
504,545,master,1550093236000
505,546,master,1550093236000
505,547,master,1550093236000
505,548,master,1550093236000
506,549,master,1550093236000
506,550,master,1550093236000
506,551,master,1550093236000
507,552,master,1550093236000
507,553,master,1550093236000
507,554,master,1550093236000
508,555,master,1550093236000
508,556,master,1550093236000
508,557,master,1550093236000
509,558,master,1550093236000
509,559,master,1550093236000
509,560,master,1550093236000
510,561,master,1550093236000
510,562,master,1550093236000
510,563,master,1550093236000
511,564,master,1550093236000
511,565,master,1550093236000
511,566,master,1550093236000
512,567,master,1550093236000
512,568,master,1550093236000
512,569,master,1550093236000
513,570,master,1550093236000
513,571,master,1550093236000
513,572,master,1550093236000
514,573,master,1550093236000
514,574,master,1550093236000
514,575,master,1550093236000
515,576,master,1550093236000
515,577,master,1550093236000
515,578,master,1550093236000
516,579,master,1550093236000
516,580,master,1550093236000
516,581,master,1550093236000
517,582,master,1550093236000
517,583,master,1550093236000
517,584,master,1550093236000
518,585,master,1550093236000
518,586,master,1550093236000
518,587,master,1550093236000
519,588,master,1550093236000
519,589,master,1550093236000
519,590,master,1550093236000
520,591,master,1550093236000
520,592,master,1550093236000
520,593,master,1550093236000
521,594,master,1550093236000
521,595,master,1550093236000
521,596,master,1550093236000
522,597,master,1550093236000
522,598,master,1550093236000
522,599,master,1550093236000
523,600,master,1550093236000
523,601,master,1550093236000
523,602,master,1550093236000
524,603,master,1550093236000
524,604,master,1550093236000
524,605,master,1550093236000
606,607,master,1550093236000
606,608,master,1550093236000
606,609,master,1550093236000
607,610,master,1550093236000
607,611,master,1550093236000
607,612,master,1550093236000
608,613,master,1550093236000
608,614,master,1550093236000
608,615,master,1550093236000
609,616,master,1550093236000
609,617,master,1550093236000
609,618,master,1550093236000
610,619,master,1550093236000
610,620,master,1550093236000
610,621,master,1550093236000
611,622,master,1550093236000
611,623,master,1550093236000
611,624,master,1550093236000
612,625,master,1550093236000
612,626,master,1550093236000
612,627,master,1550093236000
613,628,master,1550093236000
613,629,master,1550093236000
613,630,master,1550093236000
614,631,master,1550093236000
614,632,master,1550093236000
614,633,master,1550093236000
615,634,master,1550093236000
615,635,master,1550093236000
615,636,master,1550093236000
616,637,master,1550093236000
616,638,master,1550093236000
616,639,master,1550093236000
617,640,master,1550093236000
617,641,master,1550093236000
617,642,master,1550093236000
618,643,master,1550093236000
618,644,master,1550093236000
618,645,master,1550093236000
619,646,master,1550093236000
619,647,master,1550093236000
619,648,master,1550093236000
620,649,master,1550093236000
620,650,master,1550093236000
620,651,master,1550093236000
621,652,master,1550093236000
621,653,master,1550093236000
621,654,master,1550093236000
622,655,master,1550093236000
622,656,master,1550093236000
622,657,master,1550093236000
623,658,master,1550093236000
623,659,master,1550093236000
623,660,master,1550093236000
624,661,master,1550093236000
624,662,master,1550093236000
624,663,master,1550093236000
625,664,master,1550093236000
625,665,master,1550093236000
625,666,master,1550093236000
626,667,master,1550093236000
626,668,master,1550093236000
626,669,master,1550093236000
627,670,master,1550093236000
627,671,master,1550093236000
627,672,master,1550093236000
628,673,master,1550093236000
628,674,master,1550093236000
628,675,master,1550093236000
629,676,master,1550093236000
629,677,master,1550093236000
629,678,master,1550093236000
630,679,master,1550093236000
630,680,master,1550093236000
630,681,master,1550093236000
631,682,master,1550093236000
631,683,master,1550093236000
631,684,master,1550093236000
632,685,master,1550093236000
632,686,master,1550093236000
632,687,master,1550093236000
633,688,master,1550093236000
633,689,master,1550093236000
633,690,master,1550093236000
634,691,master,1550093236000
634,692,master,1550093236000
634,693,master,1550093236000
635,694,master,1550093236000
635,695,master,1550093236000
635,696,master,1550093236000
636,697,master,1550093236000
636,698,master,1550093236000
636,699,master,1550093236000
637,700,master,1550093236000
637,701,master,1550093236000
637,702,master,1550093236000
638,703,master,1550093236000
638,704,master,1550093236000
638,705,master,1550093236000
639,706,master,1550093236000
639,707,master,1550093236000
639,708,master,1550093236000
640,709,master,1550093236000
640,710,master,1550093236000
640,711,master,1550093236000
641,712,master,1550093236000
641,713,master,1550093236000
641,714,master,1550093236000
642,715,master,1550093236000
642,716,master,1550093236000
642,717,master,1550093236000
643,718,master,1550093236000
643,719,master,1550093236000
643,720,master,1550093236000
644,721,master,1550093236000
644,722,master,1550093236000
644,723,master,1550093236000
645,724,master,1550093236000
645,725,master,1550093236000
645,726,master,1550093236000
727,728,master,1550093236000
727,729,master,1550093236000
727,730,master,1550093236000
728,731,master,1550093236000
728,732,master,1550093236000
728,733,master,1550093236000
729,734,master,1550093236000
729,735,master,1550093236000
729,736,master,1550093236000
730,737,master,1550093236000
730,738,master,1550093236000
730,739,master,1550093236000
731,740,master,1550093236000
731,741,master,1550093236000
731,742,master,1550093236000
732,743,master,1550093236000
732,744,master,1550093236000
732,745,master,1550093236000
733,746,master,1550093236000
733,747,master,1550093236000
733,748,master,1550093236000
734,749,master,1550093236000
734,750,master,1550093236000
734,751,master,1550093236000
735,752,master,1550093236000
735,753,master,1550093236000
735,754,master,1550093236000
736,755,master,1550093236000
736,756,master,1550093236000
736,757,master,1550093236000
737,758,master,1550093236000
737,759,master,1550093236000
737,760,master,1550093236000
738,761,master,1550093236000
738,762,master,1550093236000
738,763,master,1550093236000
739,764,master,1550093236000
739,765,master,1550093236000
739,766,master,1550093236000
740,767,master,1550093236000
740,768,master,1550093236000
740,769,master,1550093236000
741,770,master,1550093236000
741,771,master,1550093236000
741,772,master,1550093236000
742,773,master,1550093236000
742,774,master,1550093236000
742,775,master,1550093236000
743,776,master,1550093236000
743,777,master,1550093236000
743,778,master,1550093236000
744,779,master,1550093236000
744,780,master,1550093236000
744,781,master,1550093236000
745,782,master,1550093236000
745,783,master,1550093236000
745,784,master,1550093236000
746,785,master,1550093236000
746,786,master,1550093236000
746,787,master,1550093236000
747,788,master,1550093236000
747,789,master,1550093236000
747,790,master,1550093236000
748,791,master,1550093236000
748,792,master,1550093236000
748,793,master,1550093236000
749,794,master,1550093236000
749,795,master,1550093236000
749,796,master,1550093236000
750,797,master,1550093236000
750,798,master,1550093236000
750,799,master,1550093236000
751,800,master,1550093236000
751,801,master,1550093236000
751,802,master,1550093236000
752,803,master,1550093236000
752,804,master,1550093236000
752,805,master,1550093236000
753,806,master,1550093236000
753,807,master,1550093236000
753,808,master,1550093236000
754,809,master,1550093236000
754,810,master,1550093236000
754,811,master,1550093236000
755,812,master,1550093236000
755,813,master,1550093236000
755,814,master,1550093236000
756,815,master,1550093236000
756,816,master,1550093236000
756,817,master,1550093236000
757,818,master,1550093236000
757,819,master,1550093236000
757,820,master,1550093236000
758,821,master,1550093236000
758,822,master,1550093236000
758,823,master,1550093236000
759,824,master,1550093236000
759,825,master,1550093236000
759,826,master,1550093236000
760,827,master,1550093236000
760,828,master,1550093236000
760,829,master,1550093236000
761,830,master,1550093236000
761,831,master,1550093236000
761,832,master,1550093236000
762,833,master,1550093236000
762,834,master,1550093236000
762,835,master,1550093236000
763,836,master,1550093236000
763,837,master,1550093236000
763,838,master,1550093236000
764,839,master,1550093236000
764,840,master,1550093236000
764,841,master,1550093236000
765,842,master,1550093236000
765,843,master,1550093236000
765,844,master,1550093236000
766,845,master,1550093236000
766,846,master,1550093236000
766,847,master,1550093236000
848,849,master,1550093236000
848,850,master,1550093236000
848,851,master,1550093236000
849,852,master,1550093236000
849,853,master,1550093236000
849,854,master,1550093236000
850,855,master,1550093236000
850,856,master,1550093236000
850,857,master,1550093236000
851,858,master,1550093236000
851,859,master,1550093236000
851,860,master,1550093236000
852,861,master,1550093236000
852,862,master,1550093236000
852,863,master,1550093236000
853,864,master,1550093236000
853,865,master,1550093236000
853,866,master,1550093236000
854,867,master,1550093236000
854,868,master,1550093236000
854,869,master,1550093236000
855,870,master,1550093236000
855,871,master,1550093236000
855,872,master,1550093236000
856,873,master,1550093236000
856,874,master,1550093236000
856,875,master,1550093236000
857,876,master,1550093236000
857,877,master,1550093236000
857,878,master,1550093236000
858,879,master,1550093236000
858,880,master,1550093236000
858,881,master,1550093236000
859,882,master,1550093236000
859,883,master,1550093236000
859,884,master,1550093236000
860,885,master,1550093236000
860,886,master,1550093236000
860,887,master,1550093236000
861,888,master,1550093236000
861,889,master,1550093236000
861,890,master,1550093236000
862,891,master,1550093236000
862,892,master,1550093236000
862,893,master,1550093236000
863,894,master,1550093236000
863,895,master,1550093236000
863,896,master,1550093236000
864,897,master,1550093236000
864,898,master,1550093236000
864,899,master,1550093236000
865,900,master,1550093236000
865,901,master,1550093236000
865,902,master,1550093236000
866,903,master,1550093236000
866,904,master,1550093236000
866,905,master,1550093236000
867,906,master,1550093236000
867,907,master,1550093236000
867,908,master,1550093236000
868,909,master,1550093236000
868,910,master,1550093236000
868,911,master,1550093236000
869,912,master,1550093236000
869,913,master,1550093236000
869,914,master,1550093236000
870,915,master,1550093236000
870,916,master,1550093236000
870,917,master,1550093236000
871,918,master,1550093236000
871,919,master,1550093236000
871,920,master,1550093236000
872,921,master,1550093236000
872,922,master,1550093236000
872,923,master,1550093236000
873,924,master,1550093236000
873,925,master,1550093236000
873,926,master,1550093236000
874,927,master,1550093236000
874,928,master,1550093236000
874,929,master,1550093236000
875,930,master,1550093236000
875,931,master,1550093236000
875,932,master,1550093236000
876,933,master,1550093236000
876,934,master,1550093236000
876,935,master,1550093236000
877,936,master,1550093236000
877,937,master,1550093236000
877,938,master,1550093236000
878,939,master,1550093236000
878,940,master,1550093236000
878,941,master,1550093236000
879,942,master,1550093236000
879,943,master,1550093236000
879,944,master,1550093236000
880,945,master,1550093236000
880,946,master,1550093236000
880,947,master,1550093236000
881,948,master,1550093236000
881,949,master,1550093236000
881,950,master,1550093236000
882,951,master,1550093236000
882,952,master,1550093236000
882,953,master,1550093236000
883,954,master,1550093236000
883,955,master,1550093236000
883,956,master,1550093236000
884,957,master,1550093236000
884,958,master,1550093236000
884,959,master,1550093236000
885,960,master,1550093236000
885,961,master,1550093236000
885,962,master,1550093236000
886,963,master,1550093236000
886,964,master,1550093236000
886,965,master,1550093236000
887,966,master,1550093236000
887,967,master,1550093236000
887,968,master,1550093236000
969,970,master,1550093236000
969,971,master,1550093236000
969,972,master,1550093236000
970,973,master,1550093236000
970,974,master,1550093236000
970,975,master,1550093236000
971,976,master,1550093236000
971,977,master,1550093236000
971,978,master,1550093236000
972,979,master,1550093236000
972,980,master,1550093236000
972,981,master,1550093236000
973,982,master,1550093236000
973,983,master,1550093236000
973,984,master,1550093236000
974,985,master,1550093236000
974,986,master,1550093236000
974,987,master,1550093236000
975,988,master,1550093236000
975,989,master,1550093236000
975,990,master,1550093236000
976,991,master,1550093236000
976,992,master,1550093236000
976,993,master,1550093236000
977,994,master,1550093236000
977,995,master,1550093236000
977,996,master,1550093236000
978,997,master,1550093236000
978,998,master,1550093236000
978,999,master,1550093236000
979,1000,master,1550093236000
979,1001,master,1550093236000
979,1002,master,1550093236000
980,1003,master,1550093236000
980,1004,master,1550093236000
980,1005,master,1550093236000
981,1006,master,1550093236000
981,1007,master,1550093236000
981,1008,master,1550093236000
982,1009,master,1550093236000
982,1010,master,1550093236000
982,1011,master,1550093236000
983,1012,master,1550093236000
983,1013,master,1550093236000
983,1014,master,1550093236000
984,1015,master,1550093236000
984,1016,master,1550093236000
984,1017,master,1550093236000
985,1018,master,1550093236000
985,1019,master,1550093236000
985,1020,master,1550093236000
986,1021,master,1550093236000
986,1022,master,1550093236000
986,1023,master,1550093236000
987,1024,master,1550093236000
987,1025,master,1550093236000
987,1026,master,1550093236000
988,1027,master,1550093236000
988,1028,master,1550093236000
988,1029,master,1550093236000
989,1030,master,1550093236000
989,1031,master,1550093236000
989,1032,master,1550093236000
990,1033,master,1550093236000
990,1034,master,1550093236000
990,1035,master,1550093236000
991,1036,master,1550093236000
991,1037,master,1550093236000
991,1038,master,1550093236000
992,1039,master,1550093236000
992,1040,master,1550093236000
992,1041,master,1550093236000
993,1042,master,1550093236000
993,1043,master,1550093236000
993,1044,master,1550093236000
994,1045,master,1550093236000
994,1046,master,1550093236000
994,1047,master,1550093236000
995,1048,master,1550093236000
995,1049,master,1550093236000
995,1050,master,1550093236000
996,1051,master,1550093236000
996,1052,master,1550093236000
996,1053,master,1550093236000
997,1054,master,1550093236000
997,1055,master,1550093236000
997,1056,master,1550093236000
998,1057,master,1550093236000
998,1058,master,1550093236000
998,1059,master,1550093236000
999,1060,master,1550093236000
999,1061,master,1550093236000
999,1062,master,1550093236000
1000,1063,master,1550093236000
1000,1064,master,1550093236000
1000,1065,master,1550093236000
1001,1066,master,1550093236000
1001,1067,master,1550093236000
1001,1068,master,1550093236000
1002,1069,master,1550093236000
1002,1070,master,1550093236000
1002,1071,master,1550093236000
1003,1072,master,1550093236000
1003,1073,master,1550093236000
1003,1074,master,1550093236000
1004,1075,master,1550093236000
1004,1076,master,1550093236000
1004,1077,master,1550093236000
1005,1078,master,1550093236000
1005,1079,master,1550093236000
1005,1080,master,1550093236000
1006,1081,master,1550093236000
1006,1082,master,1550093236000
1006,1083,master,1550093236000
1007,1084,master,1550093236000
1007,1085,master,1550093236000
1007,1086,master,1550093236000
1008,1087,master,1550093236000
1008,1088,master,1550093236000
1008,1089,master,1550093236000
1090,1091,master,1550093236000
1090,1092,master,1550093236000
1090,1093,master,1550093236000
1091,1094,master,1550093236000
1091,1095,master,1550093236000
1091,1096,master,1550093236000
1092,1097,master,1550093236000
1092,1098,master,1550093236000
1092,1099,master,1550093236000
1093,1100,master,1550093236000
1093,1101,master,1550093236000
1093,1102,master,1550093236000
1094,1103,master,1550093236000
1094,1104,master,1550093236000
1094,1105,master,1550093236000
1095,1106,master,1550093236000
1095,1107,master,1550093236000
1095,1108,master,1550093236000
1096,1109,master,1550093236000
1096,1110,master,1550093236000
1096,1111,master,1550093236000
1097,1112,master,1550093236000
1097,1113,master,1550093236000
1097,1114,master,1550093236000
1098,1115,master,1550093236000
1098,1116,master,1550093236000
1098,1117,master,1550093236000
1099,1118,master,1550093236000
1099,1119,master,1550093236000
1099,1120,master,1550093236000
1100,1121,master,1550093236000
1100,1122,master,1550093236000
1100,1123,master,1550093236000
1101,1124,master,1550093236000
1101,1125,master,1550093236000
1101,1126,master,1550093236000
1102,1127,master,1550093236000
1102,1128,master,1550093236000
1102,1129,master,1550093236000
1103,1130,master,1550093236000
1103,1131,master,1550093236000
1103,1132,master,1550093236000
1104,1133,master,1550093236000
1104,1134,master,1550093236000
1104,1135,master,1550093236000
1105,1136,master,1550093236000
1105,1137,master,1550093236000
1105,1138,master,1550093236000
1106,1139,master,1550093236000
1106,1140,master,1550093236000
1106,1141,master,1550093236000
1107,1142,master,1550093236000
1107,1143,master,1550093236000
1107,1144,master,1550093236000
1108,1145,master,1550093236000
1108,1146,master,1550093236000
1108,1147,master,1550093236000
1109,1148,master,1550093236000
1109,1149,master,1550093236000
1109,1150,master,1550093236000
1110,1151,master,1550093236000
1110,1152,master,1550093236000
1110,1153,master,1550093236000
1111,1154,master,1550093236000
1111,1155,master,1550093236000
1111,1156,master,1550093236000
1112,1157,master,1550093236000
1112,1158,master,1550093236000
1112,1159,master,1550093236000
1113,1160,master,1550093236000
1113,1161,master,1550093236000
1113,1162,master,1550093236000
1114,1163,master,1550093236000
1114,1164,master,1550093236000
1114,1165,master,1550093236000
1115,1166,master,1550093236000
1115,1167,master,1550093236000
1115,1168,master,1550093236000
1116,1169,master,1550093236000
1116,1170,master,1550093236000
1116,1171,master,1550093236000
1117,1172,master,1550093236000
1117,1173,master,1550093236000
1117,1174,master,1550093236000
1118,1175,master,1550093236000
1118,1176,master,1550093236000
1118,1177,master,1550093236000
1119,1178,master,1550093236000
1119,1179,master,1550093236000
1119,1180,master,1550093236000
1120,1181,master,1550093236000
1120,1182,master,1550093236000
1120,1183,master,1550093236000
1121,1184,master,1550093236000
1121,1185,master,1550093236000
1121,1186,master,1550093236000
1122,1187,master,1550093236000
1122,1188,master,1550093236000
1122,1189,master,1550093236000
1123,1190,master,1550093236000
1123,1191,master,1550093236000
1123,1192,master,1550093236000
1124,1193,master,1550093236000
1124,1194,master,1550093236000
1124,1195,master,1550093236000
1125,1196,master,1550093236000
1125,1197,master,1550093236000
1125,1198,master,1550093236000
1126,1199,master,1550093236000
1126,1200,master,1550093236000
1126,1201,master,1550093236000
1127,1202,master,1550093236000
1127,1203,master,1550093236000
1127,1204,master,1550093236000
1128,1205,master,1550093236000
1128,1206,master,1550093236000
1128,1207,master,1550093236000
1129,1208,master,1550093236000
1129,1209,master,1550093236000
1129,1210,master,1550093236000
