1,Category-1,master,1550093236000
2,Category-2,master,1550093236000
3,Category-3,master,1550093236000
4,Category-4,master,1550093236000
5,Category-5,master,1550093236000
6,Category-6,master,1550093236000
7,Category-7,master,1550093236000
8,Category-8,master,1550093236000
9,Category-9,master,1550093236000
10,Category-10,master,1550093236000
11,Category-11,master,1550093236000
12,Category-12,master,1550093236000
13,Category-13,master,1550093236000
14,Category-14,master,1550093236000
15,Category-15,master,1550093236000
16,Category-16,master,1550093236000
17,Category-17,master,1550093236000
18,Category-18,master,1550093236000
19,Category-19,master,1550093236000
20,Category-20,master,1550093236000
21,Category-21,master,1550093236000
22,Category-22,master,1550093236000
23,Category-23,master,1550093236000
24,Category-24,master,1550093236000
25,Category-25,master,1550093236000
26,Category-26,master,1550093236000
27,Category-27,master,1550093236000
28,Category-28,master,1550093236000
29,Category-29,master,1550093236000
30,Category-30,master,1550093236000
31,Category-31,master,1550093236000
32,Category-32,master,1550093236000
33,Category-33,master,1550093236000
34,Category-34,master,1550093236000
35,Category-35,master,1550093236000
36,Category-36,master,1550093236000
37,Category-37,master,1550093236000
38,Category-38,master,1550093236000
39,Category-39,master,1550093236000
40,Category-40,master,1550093236000
41,Category-41,master,1550093236000
42,Category-42,master,1550093236000
43,Category-43,master,1550093236000
44,Category-44,master,1550093236000
45,Category-45,master,1550093236000
46,Category-46,master,1550093236000
47,Category-47,master,1550093236000
48,Category-48,master,1550093236000
49,Category-49,master,1550093236000
50,Category-50,master,1550093236000
51,Category-51,master,1550093236000
52,Category-52,master,1550093236000
53,Category-53,master,1550093236000
54,Category-54,master,1550093236000
55,Category-55,master,1550093236000
56,Category-56,master,1550093236000
57,Category-57,master,1550093236000
58,Category-58,master,1550093236000
59,Category-59,master,1550093236000
60,Category-60,master,1550093236000
61,Category-61,master,1550093236000
62,Category-62,master,1550093236000
63,Category-63,master,1550093236000
64,Category-64,master,1550093236000
65,Category-65,master,1550093236000
66,Category-66,master,1550093236000
67,Category-67,master,1550093236000
68,Category-68,master,1550093236000
69,Category-69,master,1550093236000
70,Category-70,master,1550093236000
71,Category-71,master,1550093236000
72,Category-72,master,1550093236000
73,Category-73,master,1550093236000
74,Category-74,master,1550093236000
75,Category-75,master,1550093236000
76,Category-76,master,1550093236000
77,Category-77,master,1550093236000
78,Category-78,master,1550093236000
79,Category-79,master,1550093236000
80,Category-80,master,1550093236000
81,Category-81,master,1550093236000
82,Category-82,master,1550093236000
83,Category-83,master,1550093236000
84,Category-84,master,1550093236000
85,Category-85,master,1550093236000
86,Category-86,master,1550093236000
87,Category-87,master,1550093236000
88,Category-88,master,1550093236000
89,Category-89,master,1550093236000
90,Category-90,master,1550093236000
91,Category-91,master,1550093236000
92,Category-92,master,1550093236000
93,Category-93,master,1550093236000
94,Category-94,master,1550093236000
95,Category-95,master,1550093236000
96,Category-96,master,1550093236000
97,Category-97,master,1550093236000
98,Category-98,master,1550093236000
99,Category-99,master,1550093236000
100,Category-100,master,1550093236000
101,Category-101,master,1550093236000
102,Category-102,master,1550093236000
103,Category-103,master,1550093236000
104,Category-104,master,1550093236000
105,Category-105,master,1550093236000
106,Category-106,master,1550093236000
107,Category-107,master,1550093236000
108,Category-108,master,1550093236000
109,Category-109,master,1550093236000
110,Category-110,master,1550093236000
111,Category-111,master,1550093236000
112,Category-112,master,1550093236000
113,Category-113,master,1550093236000
114,Category-114,master,1550093236000
115,Category-115,master,1550093236000
116,Category-116,master,1550093236000
117,Category-117,master,1550093236000
118,Category-118,master,1550093236000
119,Category-119,master,1550093236000
120,Category-120,master,1550093236000
121,Category-121,master,1550093236000
122,Category-122,master,1550093236000
123,Category-123,master,1550093236000
124,Category-124,master,1550093236000
125,Category-125,master,1550093236000
126,Category-126,master,1550093236000
127,Category-127,master,1550093236000
128,Category-128,master,1550093236000
129,Category-129,master,1550093236000
130,Category-130,master,1550093236000
131,Category-131,master,1550093236000
132,Category-132,master,1550093236000
133,Category-133,master,1550093236000
134,Category-134,master,1550093236000
135,Category-135,master,1550093236000
136,Category-136,master,1550093236000
137,Category-137,master,1550093236000
138,Category-138,master,1550093236000
139,Category-139,master,1550093236000
140,Category-140,master,1550093236000
141,Category-141,master,1550093236000
142,Category-142,master,1550093236000
143,Category-143,master,1550093236000
144,Category-144,master,1550093236000
145,Category-145,master,1550093236000
146,Category-146,master,1550093236000
147,Category-147,master,1550093236000
148,Category-148,master,1550093236000
149,Category-149,master,1550093236000
150,Category-150,master,1550093236000
151,Category-151,master,1550093236000
152,Category-152,master,1550093236000
153,Category-153,master,1550093236000
154,Category-154,master,1550093236000
155,Category-155,master,1550093236000
156,Category-156,master,1550093236000
157,Category-157,master,1550093236000
158,Category-158,master,1550093236000
159,Category-159,master,1550093236000
160,Category-160,master,1550093236000
161,Category-161,master,1550093236000
162,Category-162,master,1550093236000
163,Category-163,master,1550093236000
164,Category-164,master,1550093236000
165,Category-165,master,1550093236000
166,Category-166,master,1550093236000
167,Category-167,master,1550093236000
168,Category-168,master,1550093236000
169,Category-169,master,1550093236000
170,Category-170,master,1550093236000
171,Category-171,master,1550093236000
172,Category-172,master,1550093236000
173,Category-173,master,1550093236000
174,Category-174,master,1550093236000
175,Category-175,master,1550093236000
176,Category-176,master,1550093236000
177,Category-177,master,1550093236000
178,Category-178,master,1550093236000
179,Category-179,master,1550093236000
180,Category-180,master,1550093236000
181,Category-181,master,1550093236000
182,Category-182,master,1550093236000
183,Category-183,master,1550093236000
184,Category-184,master,1550093236000
185,Category-185,master,1550093236000
186,Category-186,master,1550093236000
187,Category-187,master,1550093236000
188,Category-188,master,1550093236000
189,Category-189,master,1550093236000
190,Category-190,master,1550093236000
191,Category-191,master,1550093236000
192,Category-192,master,1550093236000
193,Category-193,master,1550093236000
194,Category-194,master,1550093236000
195,Category-195,master,1550093236000
196,Category-196,master,1550093236000
197,Category-197,master,1550093236000
198,Category-198,master,1550093236000
199,Category-199,master,1550093236000
200,Category-200,master,1550093236000
201,Category-201,master,1550093236000
202,Category-202,master,1550093236000
203,Category-203,master,1550093236000
204,Category-204,master,1550093236000
205,Category-205,master,1550093236000
206,Category-206,master,1550093236000
207,Category-207,master,1550093236000
208,Category-208,master,1550093236000
209,Category-209,master,1550093236000
210,Category-210,master,1550093236000
211,Category-211,master,1550093236000
212,Category-212,master,1550093236000
213,Category-213,master,1550093236000
214,Category-214,master,1550093236000
215,Category-215,master,1550093236000
216,Category-216,master,1550093236000
217,Category-217,master,1550093236000
218,Category-218,master,1550093236000
219,Category-219,master,1550093236000
220,Category-220,master,1550093236000
221,Category-221,master,1550093236000
222,Category-222,master,1550093236000
223,Category-223,master,1550093236000
224,Category-224,master,1550093236000
225,Category-225,master,1550093236000
226,Category-226,master,1550093236000
227,Category-227,master,1550093236000
228,Category-228,master,1550093236000
229,Category-229,master,1550093236000
230,Category-230,master,1550093236000
231,Category-231,master,1550093236000
232,Category-232,master,1550093236000
233,Category-233,master,1550093236000
234,Category-234,master,1550093236000
235,Category-235,master,1550093236000
236,Category-236,master,1550093236000
237,Category-237,master,1550093236000
238,Category-238,master,1550093236000
239,Category-239,master,1550093236000
240,Category-240,master,1550093236000
241,Category-241,master,1550093236000
242,Category-242,master,1550093236000
243,Category-243,master,1550093236000
244,Category-244,master,1550093236000
245,Category-245,master,1550093236000
246,Category-246,master,1550093236000
247,Category-247,master,1550093236000
248,Category-248,master,1550093236000
249,Category-249,master,1550093236000
250,Category-250,master,1550093236000
251,Category-251,master,1550093236000
252,Category-252,master,1550093236000
253,Category-253,master,1550093236000
254,Category-254,master,1550093236000
255,Category-255,master,1550093236000
256,Category-256,master,1550093236000
257,Category-257,master,1550093236000
258,Category-258,master,1550093236000
259,Category-259,master,1550093236000
260,Category-260,master,1550093236000
261,Category-261,master,1550093236000
262,Category-262,master,1550093236000
263,Category-263,master,1550093236000
264,Category-264,master,1550093236000
265,Category-265,master,1550093236000
266,Category-266,master,1550093236000
267,Category-267,master,1550093236000
268,Category-268,master,1550093236000
269,Category-269,master,1550093236000
270,Category-270,master,1550093236000
271,Category-271,master,1550093236000
272,Category-272,master,1550093236000
273,Category-273,master,1550093236000
274,Category-274,master,1550093236000
275,Category-275,master,1550093236000
276,Category-276,master,1550093236000
277,Category-277,master,1550093236000
278,Category-278,master,1550093236000
279,Category-279,master,1550093236000
280,Category-280,master,1550093236000
281,Category-281,master,1550093236000
282,Category-282,master,1550093236000
283,Category-283,master,1550093236000
284,Category-284,master,1550093236000
285,Category-285,master,1550093236000
286,Category-286,master,1550093236000
287,Category-287,master,1550093236000
288,Category-288,master,1550093236000
289,Category-289,master,1550093236000
290,Category-290,master,1550093236000
291,Category-291,master,1550093236000
292,Category-292,master,1550093236000
293,Category-293,master,1550093236000
294,Category-294,master,1550093236000
295,Category-295,master,1550093236000
296,Category-296,master,1550093236000
297,Category-297,master,1550093236000
298,Category-298,master,1550093236000
299,Category-299,master,1550093236000
300,Category-300,master,1550093236000
301,Category-301,master,1550093236000
302,Category-302,master,1550093236000
303,Category-303,master,1550093236000
304,Category-304,master,1550093236000
305,Category-305,master,1550093236000
306,Category-306,master,1550093236000
307,Category-307,master,1550093236000
308,Category-308,master,1550093236000
309,Category-309,master,1550093236000
310,Category-310,master,1550093236000
311,Category-311,master,1550093236000
312,Category-312,master,1550093236000
313,Category-313,master,1550093236000
314,Category-314,master,1550093236000
315,Category-315,master,1550093236000
316,Category-316,master,1550093236000
317,Category-317,master,1550093236000
318,Category-318,master,1550093236000
319,Category-319,master,1550093236000
320,Category-320,master,1550093236000
321,Category-321,master,1550093236000
322,Category-322,master,1550093236000
323,Category-323,master,1550093236000
324,Category-324,master,1550093236000
325,Category-325,master,1550093236000
326,Category-326,master,1550093236000
327,Category-327,master,1550093236000
328,Category-328,master,1550093236000
329,Category-329,master,1550093236000
330,Category-330,master,1550093236000
331,Category-331,master,1550093236000
332,Category-332,master,1550093236000
333,Category-333,master,1550093236000
334,Category-334,master,1550093236000
335,Category-335,master,1550093236000
336,Category-336,master,1550093236000
337,Category-337,master,1550093236000
338,Category-338,master,1550093236000
339,Category-339,master,1550093236000
340,Category-340,master,1550093236000
341,Category-341,master,1550093236000
342,Category-342,master,1550093236000
343,Category-343,master,1550093236000
344,Category-344,master,1550093236000
345,Category-345,master,1550093236000
346,Category-346,master,1550093236000
347,Category-347,master,1550093236000
348,Category-348,master,1550093236000
349,Category-349,master,1550093236000
350,Category-350,master,1550093236000
351,Category-351,master,1550093236000
352,Category-352,master,1550093236000
353,Category-353,master,1550093236000
354,Category-354,master,1550093236000
355,Category-355,master,1550093236000
356,Category-356,master,1550093236000
357,Category-357,master,1550093236000
358,Category-358,master,1550093236000
359,Category-359,master,1550093236000
360,Category-360,master,1550093236000
361,Category-361,master,1550093236000
362,Category-362,master,1550093236000
363,Category-363,master,1550093236000
364,Category-364,master,1550093236000
365,Category-365,master,1550093236000
366,Category-366,master,1550093236000
367,Category-367,master,1550093236000
368,Category-368,master,1550093236000
369,Category-369,master,1550093236000
370,Category-370,master,1550093236000
371,Category-371,master,1550093236000
372,Category-372,master,1550093236000
373,Category-373,master,1550093236000
374,Category-374,master,1550093236000
375,Category-375,master,1550093236000
376,Category-376,master,1550093236000
377,Category-377,master,1550093236000
378,Category-378,master,1550093236000
379,Category-379,master,1550093236000
380,Category-380,master,1550093236000
381,Category-381,master,1550093236000
382,Category-382,master,1550093236000
383,Category-383,master,1550093236000
384,Category-384,master,1550093236000
385,Category-385,master,1550093236000
386,Category-386,master,1550093236000
387,Category-387,master,1550093236000
388,Category-388,master,1550093236000
389,Category-389,master,1550093236000
390,Category-390,master,1550093236000
391,Category-391,master,1550093236000
392,Category-392,master,1550093236000
393,Category-393,master,1550093236000
394,Category-394,master,1550093236000
395,Category-395,master,1550093236000
396,Category-396,master,1550093236000
397,Category-397,master,1550093236000
398,Category-398,master,1550093236000
399,Category-399,master,1550093236000
400,Category-400,master,1550093236000
401,Category-401,master,1550093236000
402,Category-402,master,1550093236000
403,Category-403,master,1550093236000
404,Category-404,master,1550093236000
405,Category-405,master,1550093236000
406,Category-406,master,1550093236000
407,Category-407,master,1550093236000
408,Category-408,master,1550093236000
409,Category-409,master,1550093236000
410,Category-410,master,1550093236000
411,Category-411,master,1550093236000
412,Category-412,master,1550093236000
413,Category-413,master,1550093236000
414,Category-414,master,1550093236000
415,Category-415,master,1550093236000
416,Category-416,master,1550093236000
417,Category-417,master,1550093236000
418,Category-418,master,1550093236000
419,Category-419,master,1550093236000
420,Category-420,master,1550093236000
421,Category-421,master,1550093236000
422,Category-422,master,1550093236000
423,Category-423,master,1550093236000
424,Category-424,master,1550093236000
425,Category-425,master,1550093236000
426,Category-426,master,1550093236000
427,Category-427,master,1550093236000
428,Category-428,master,1550093236000
429,Category-429,master,1550093236000
430,Category-430,master,1550093236000
431,Category-431,master,1550093236000
432,Category-432,master,1550093236000
433,Category-433,master,1550093236000
434,Category-434,master,1550093236000
435,Category-435,master,1550093236000
436,Category-436,master,1550093236000
437,Category-437,master,1550093236000
438,Category-438,master,1550093236000
439,Category-439,master,1550093236000
440,Category-440,master,1550093236000
441,Category-441,master,1550093236000
442,Category-442,master,1550093236000
443,Category-443,master,1550093236000
444,Category-444,master,1550093236000
445,Category-445,master,1550093236000
446,Category-446,master,1550093236000
447,Category-447,master,1550093236000
448,Category-448,master,1550093236000
449,Category-449,master,1550093236000
450,Category-450,master,1550093236000
451,Category-451,master,1550093236000
452,Category-452,master,1550093236000
453,Category-453,master,1550093236000
454,Category-454,master,1550093236000
455,Category-455,master,1550093236000
456,Category-456,master,1550093236000
457,Category-457,master,1550093236000
458,Category-458,master,1550093236000
459,Category-459,master,1550093236000
460,Category-460,master,1550093236000
461,Category-461,master,1550093236000
462,Category-462,master,1550093236000
463,Category-463,master,1550093236000
464,Category-464,master,1550093236000
465,Category-465,master,1550093236000
466,Category-466,master,1550093236000
467,Category-467,master,1550093236000
468,Category-468,master,1550093236000
469,Category-469,master,1550093236000
470,Category-470,master,1550093236000
471,Category-471,master,1550093236000
472,Category-472,master,1550093236000
473,Category-473,master,1550093236000
474,Category-474,master,1550093236000
475,Category-475,master,1550093236000
476,Category-476,master,1550093236000
477,Category-477,master,1550093236000
478,Category-478,master,1550093236000
479,Category-479,master,1550093236000
480,Category-480,master,1550093236000
481,Category-481,master,1550093236000
482,Category-482,master,1550093236000
483,Category-483,master,1550093236000
484,Category-484,master,1550093236000
485,Category-485,master,1550093236000
486,Category-486,master,1550093236000
487,Category-487,master,1550093236000
488,Category-488,master,1550093236000
489,Category-489,master,1550093236000
490,Category-490,master,1550093236000
491,Category-491,master,1550093236000
492,Category-492,master,1550093236000
493,Category-493,master,1550093236000
494,Category-494,master,1550093236000
495,Category-495,master,1550093236000
496,Category-496,master,1550093236000
497,Category-497,master,1550093236000
498,Category-498,master,1550093236000
499,Category-499,master,1550093236000
500,Category-500,master,1550093236000
501,Category-501,master,1550093236000
502,Category-502,master,1550093236000
503,Category-503,master,1550093236000
504,Category-504,master,1550093236000
505,Category-505,master,1550093236000
506,Category-506,master,1550093236000
507,Category-507,master,1550093236000
508,Category-508,master,1550093236000
509,Category-509,master,1550093236000
510,Category-510,master,1550093236000
511,Category-511,master,1550093236000
512,Category-512,master,1550093236000
513,Category-513,master,1550093236000
514,Category-514,master,1550093236000
515,Category-515,master,1550093236000
516,Category-516,master,1550093236000
517,Category-517,master,1550093236000
518,Category-518,master,1550093236000
519,Category-519,master,1550093236000
520,Category-520,master,1550093236000
521,Category-521,master,1550093236000
522,Category-522,master,1550093236000
523,Category-523,master,1550093236000
524,Category-524,master,1550093236000
525,Category-525,master,1550093236000
526,Category-526,master,1550093236000
527,Category-527,master,1550093236000
528,Category-528,master,1550093236000
529,Category-529,master,1550093236000
530,Category-530,master,1550093236000
531,Category-531,master,1550093236000
532,Category-532,master,1550093236000
533,Category-533,master,1550093236000
534,Category-534,master,1550093236000
535,Category-535,master,1550093236000
536,Category-536,master,1550093236000
537,Category-537,master,1550093236000
538,Category-538,master,1550093236000
539,Category-539,master,1550093236000
540,Category-540,master,1550093236000
541,Category-541,master,1550093236000
542,Category-542,master,1550093236000
543,Category-543,master,1550093236000
544,Category-544,master,1550093236000
545,Category-545,master,1550093236000
546,Category-546,master,1550093236000
547,Category-547,master,1550093236000
548,Category-548,master,1550093236000
549,Category-549,master,1550093236000
550,Category-550,master,1550093236000
551,Category-551,master,1550093236000
552,Category-552,master,1550093236000
553,Category-553,master,1550093236000
554,Category-554,master,1550093236000
555,Category-555,master,1550093236000
556,Category-556,master,1550093236000
557,Category-557,master,1550093236000
558,Category-558,master,1550093236000
559,Category-559,master,1550093236000
560,Category-560,master,1550093236000
561,Category-561,master,1550093236000
562,Category-562,master,1550093236000
563,Category-563,master,1550093236000
564,Category-564,master,1550093236000
565,Category-565,master,1550093236000
566,Category-566,master,1550093236000
567,Category-567,master,1550093236000
568,Category-568,master,1550093236000
569,Category-569,master,1550093236000
570,Category-570,master,1550093236000
571,Category-571,master,1550093236000
572,Category-572,master,1550093236000
573,Category-573,master,1550093236000
574,Category-574,master,1550093236000
575,Category-575,master,1550093236000
576,Category-576,master,1550093236000
577,Category-577,master,1550093236000
578,Category-578,master,1550093236000
579,Category-579,master,1550093236000
580,Category-580,master,1550093236000
581,Category-581,master,1550093236000
582,Category-582,master,1550093236000
583,Category-583,master,1550093236000
584,Category-584,master,1550093236000
585,Category-585,master,1550093236000
586,Category-586,master,1550093236000
587,Category-587,master,1550093236000
588,Category-588,master,1550093236000
589,Category-589,master,1550093236000
590,Category-590,master,1550093236000
591,Category-591,master,1550093236000
592,Category-592,master,1550093236000
593,Category-593,master,1550093236000
594,Category-594,master,1550093236000
595,Category-595,master,1550093236000
596,Category-596,master,1550093236000
597,Category-597,master,1550093236000
598,Category-598,master,1550093236000
599,Category-599,master,1550093236000
600,Category-600,master,1550093236000
601,Category-601,master,1550093236000
602,Category-602,master,1550093236000
603,Category-603,master,1550093236000
604,Category-604,master,1550093236000
605,Category-605,master,1550093236000
606,Category-606,master,1550093236000
607,Category-607,master,1550093236000
608,Category-608,master,1550093236000
609,Category-609,master,1550093236000
610,Category-610,master,1550093236000
611,Category-611,master,1550093236000
612,Category-612,master,1550093236000
613,Category-613,master,1550093236000
614,Category-614,master,1550093236000
615,Category-615,master,1550093236000
616,Category-616,master,1550093236000
617,Category-617,master,1550093236000
618,Category-618,master,1550093236000
619,Category-619,master,1550093236000
620,Category-620,master,1550093236000
621,Category-621,master,1550093236000
622,Category-622,master,1550093236000
623,Category-623,master,1550093236000
624,Category-624,master,1550093236000
625,Category-625,master,1550093236000
626,Category-626,master,1550093236000
627,Category-627,master,1550093236000
628,Category-628,master,1550093236000
629,Category-629,master,1550093236000
630,Category-630,master,1550093236000
631,Category-631,master,1550093236000
632,Category-632,master,1550093236000
633,Category-633,master,1550093236000
634,Category-634,master,1550093236000
635,Category-635,master,1550093236000
636,Category-636,master,1550093236000
637,Category-637,master,1550093236000
638,Category-638,master,1550093236000
639,Category-639,master,1550093236000
640,Category-640,master,1550093236000
641,Category-641,master,1550093236000
642,Category-642,master,1550093236000
643,Category-643,master,1550093236000
644,Category-644,master,1550093236000
645,Category-645,master,1550093236000
646,Category-646,master,1550093236000
647,Category-647,master,1550093236000
648,Category-648,master,1550093236000
649,Category-649,master,1550093236000
650,Category-650,master,1550093236000
651,Category-651,master,1550093236000
652,Category-652,master,1550093236000
653,Category-653,master,1550093236000
654,Category-654,master,1550093236000
655,Category-655,master,1550093236000
656,Category-656,master,1550093236000
657,Category-657,master,1550093236000
658,Category-658,master,1550093236000
659,Category-659,master,1550093236000
660,Category-660,master,1550093236000
661,Category-661,master,1550093236000
662,Category-662,master,1550093236000
663,Category-663,master,1550093236000
664,Category-664,master,1550093236000
665,Category-665,master,1550093236000
666,Category-666,master,1550093236000
667,Category-667,master,1550093236000
668,Category-668,master,1550093236000
669,Category-669,master,1550093236000
670,Category-670,master,1550093236000
671,Category-671,master,1550093236000
672,Category-672,master,1550093236000
673,Category-673,master,1550093236000
674,Category-674,master,1550093236000
675,Category-675,master,1550093236000
676,Category-676,master,1550093236000
677,Category-677,master,1550093236000
678,Category-678,master,1550093236000
679,Category-679,master,1550093236000
680,Category-680,master,1550093236000
681,Category-681,master,1550093236000
682,Category-682,master,1550093236000
683,Category-683,master,1550093236000
684,Category-684,master,1550093236000
685,Category-685,master,1550093236000
686,Category-686,master,1550093236000
687,Category-687,master,1550093236000
688,Category-688,master,1550093236000
689,Category-689,master,1550093236000
690,Category-690,master,1550093236000
691,Category-691,master,1550093236000
692,Category-692,master,1550093236000
693,Category-693,master,1550093236000
694,Category-694,master,1550093236000
695,Category-695,master,1550093236000
696,Category-696,master,1550093236000
697,Category-697,master,1550093236000
698,Category-698,master,1550093236000
699,Category-699,master,1550093236000
700,Category-700,master,1550093236000
701,Category-701,master,1550093236000
702,Category-702,master,1550093236000
703,Category-703,master,1550093236000
704,Category-704,master,1550093236000
705,Category-705,master,1550093236000
706,Category-706,master,1550093236000
707,Category-707,master,1550093236000
708,Category-708,master,1550093236000
709,Category-709,master,1550093236000
710,Category-710,master,1550093236000
711,Category-711,master,1550093236000
712,Category-712,master,1550093236000
713,Category-713,master,1550093236000
714,Category-714,master,1550093236000
715,Category-715,master,1550093236000
716,Category-716,master,1550093236000
717,Category-717,master,1550093236000
718,Category-718,master,1550093236000
719,Category-719,master,1550093236000
720,Category-720,master,1550093236000
721,Category-721,master,1550093236000
722,Category-722,master,1550093236000
723,Category-723,master,1550093236000
724,Category-724,master,1550093236000
725,Category-725,master,1550093236000
726,Category-726,master,1550093236000
727,Category-727,master,1550093236000
728,Category-728,master,1550093236000
729,Category-729,master,1550093236000
730,Category-730,master,1550093236000
731,Category-731,master,1550093236000
732,Category-732,master,1550093236000
733,Category-733,master,1550093236000
734,Category-734,master,1550093236000
735,Category-735,master,1550093236000
736,Category-736,master,1550093236000
737,Category-737,master,1550093236000
738,Category-738,master,1550093236000
739,Category-739,master,1550093236000
740,Category-740,master,1550093236000
741,Category-741,master,1550093236000
742,Category-742,master,1550093236000
743,Category-743,master,1550093236000
744,Category-744,master,1550093236000
745,Category-745,master,1550093236000
746,Category-746,master,1550093236000
747,Category-747,master,1550093236000
748,Category-748,master,1550093236000
749,Category-749,master,1550093236000
750,Category-750,master,1550093236000
751,Category-751,master,1550093236000
752,Category-752,master,1550093236000
753,Category-753,master,1550093236000
754,Category-754,master,1550093236000
755,Category-755,master,1550093236000
756,Category-756,master,1550093236000
757,Category-757,master,1550093236000
758,Category-758,master,1550093236000
759,Category-759,master,1550093236000
760,Category-760,master,1550093236000
761,Category-761,master,1550093236000
762,Category-762,master,1550093236000
763,Category-763,master,1550093236000
764,Category-764,master,1550093236000
765,Category-765,master,1550093236000
766,Category-766,master,1550093236000
767,Category-767,master,1550093236000
768,Category-768,master,1550093236000
769,Category-769,master,1550093236000
770,Category-770,master,1550093236000
771,Category-771,master,1550093236000
772,Category-772,master,1550093236000
773,Category-773,master,1550093236000
774,Category-774,master,1550093236000
775,Category-775,master,1550093236000
776,Category-776,master,1550093236000
777,Category-777,master,1550093236000
778,Category-778,master,1550093236000
779,Category-779,master,1550093236000
780,Category-780,master,1550093236000
781,Category-781,master,1550093236000
782,Category-782,master,1550093236000
783,Category-783,master,1550093236000
784,Category-784,master,1550093236000
785,Category-785,master,1550093236000
786,Category-786,master,1550093236000
787,Category-787,master,1550093236000
788,Category-788,master,1550093236000
789,Category-789,master,1550093236000
790,Category-790,master,1550093236000
791,Category-791,master,1550093236000
792,Category-792,master,1550093236000
793,Category-793,master,1550093236000
794,Category-794,master,1550093236000
795,Category-795,master,1550093236000
796,Category-796,master,1550093236000
797,Category-797,master,1550093236000
798,Category-798,master,1550093236000
799,Category-799,master,1550093236000
800,Category-800,master,1550093236000
801,Category-801,master,1550093236000
802,Category-802,master,1550093236000
803,Category-803,master,1550093236000
804,Category-804,master,1550093236000
805,Category-805,master,1550093236000
806,Category-806,master,1550093236000
807,Category-807,master,1550093236000
808,Category-808,master,1550093236000
809,Category-809,master,1550093236000
810,Category-810,master,1550093236000
811,Category-811,master,1550093236000
812,Category-812,master,1550093236000
813,Category-813,master,1550093236000
814,Category-814,master,1550093236000
815,Category-815,master,1550093236000
816,Category-816,master,1550093236000
817,Category-817,master,1550093236000
818,Category-818,master,1550093236000
819,Category-819,master,1550093236000
820,Category-820,master,1550093236000
821,Category-821,master,1550093236000
822,Category-822,master,1550093236000
823,Category-823,master,1550093236000
824,Category-824,master,1550093236000
825,Category-825,master,1550093236000
826,Category-826,master,1550093236000
827,Category-827,master,1550093236000
828,Category-828,master,1550093236000
829,Category-829,master,1550093236000
830,Category-830,master,1550093236000
831,Category-831,master,1550093236000
832,Category-832,master,1550093236000
833,Category-833,master,1550093236000
834,Category-834,master,1550093236000
835,Category-835,master,1550093236000
836,Category-836,master,1550093236000
837,Category-837,master,1550093236000
838,Category-838,master,1550093236000
839,Category-839,master,1550093236000
840,Category-840,master,1550093236000
841,Category-841,master,1550093236000
842,Category-842,master,1550093236000
843,Category-843,master,1550093236000
844,Category-844,master,1550093236000
845,Category-845,master,1550093236000
846,Category-846,master,1550093236000
847,Category-847,master,1550093236000
848,Category-848,master,1550093236000
849,Category-849,master,1550093236000
850,Category-850,master,1550093236000
851,Category-851,master,1550093236000
852,Category-852,master,1550093236000
853,Category-853,master,1550093236000
854,Category-854,master,1550093236000
855,Category-855,master,1550093236000
856,Category-856,master,1550093236000
857,Category-857,master,1550093236000
858,Category-858,master,1550093236000
859,Category-859,master,1550093236000
860,Category-860,master,1550093236000
861,Category-861,master,1550093236000
862,Category-862,master,1550093236000
863,Category-863,master,1550093236000
864,Category-864,master,1550093236000
865,Category-865,master,1550093236000
866,Category-866,master,1550093236000
867,Category-867,master,1550093236000
868,Category-868,master,1550093236000
869,Category-869,master,1550093236000
870,Category-870,master,1550093236000
871,Category-871,master,1550093236000
872,Category-872,master,1550093236000
873,Category-873,master,1550093236000
874,Category-874,master,1550093236000
875,Category-875,master,1550093236000
876,Category-876,master,1550093236000
877,Category-877,master,1550093236000
878,Category-878,master,1550093236000
879,Category-879,master,1550093236000
880,Category-880,master,1550093236000
881,Category-881,master,1550093236000
882,Category-882,master,1550093236000
883,Category-883,master,1550093236000
884,Category-884,master,1550093236000
885,Category-885,master,1550093236000
886,Category-886,master,1550093236000
887,Category-887,master,1550093236000
888,Category-888,master,1550093236000
889,Category-889,master,1550093236000
890,Category-890,master,1550093236000
891,Category-891,master,1550093236000
892,Category-892,master,1550093236000
893,Category-893,master,1550093236000
894,Category-894,master,1550093236000
895,Category-895,master,1550093236000
896,Category-896,master,1550093236000
897,Category-897,master,1550093236000
898,Category-898,master,1550093236000
899,Category-899,master,1550093236000
900,Category-900,master,1550093236000
901,Category-901,master,1550093236000
902,Category-902,master,1550093236000
903,Category-903,master,1550093236000
904,Category-904,master,1550093236000
905,Category-905,master,1550093236000
906,Category-906,master,1550093236000
907,Category-907,master,1550093236000
908,Category-908,master,1550093236000
909,Category-909,master,1550093236000
910,Category-910,master,1550093236000
911,Category-911,master,1550093236000
912,Category-912,master,1550093236000
913,Category-913,master,1550093236000
914,Category-914,master,1550093236000
915,Category-915,master,1550093236000
916,Category-916,master,1550093236000
917,Category-917,master,1550093236000
918,Category-918,master,1550093236000
919,Category-919,master,1550093236000
920,Category-920,master,1550093236000
921,Category-921,master,1550093236000
922,Category-922,master,1550093236000
923,Category-923,master,1550093236000
924,Category-924,master,1550093236000
925,Category-925,master,1550093236000
926,Category-926,master,1550093236000
927,Category-927,master,1550093236000
928,Category-928,master,1550093236000
929,Category-929,master,1550093236000
930,Category-930,master,1550093236000
931,Category-931,master,1550093236000
932,Category-932,master,1550093236000
933,Category-933,master,1550093236000
934,Category-934,master,1550093236000
935,Category-935,master,1550093236000
936,Category-936,master,1550093236000
937,Category-937,master,1550093236000
938,Category-938,master,1550093236000
939,Category-939,master,1550093236000
940,Category-940,master,1550093236000
941,Category-941,master,1550093236000
942,Category-942,master,1550093236000
943,Category-943,master,1550093236000
944,Category-944,master,1550093236000
945,Category-945,master,1550093236000
946,Category-946,master,1550093236000
947,Category-947,master,1550093236000
948,Category-948,master,1550093236000
949,Category-949,master,1550093236000
950,Category-950,master,1550093236000
951,Category-951,master,1550093236000
952,Category-952,master,1550093236000
953,Category-953,master,1550093236000
954,Category-954,master,1550093236000
955,Category-955,master,1550093236000
956,Category-956,master,1550093236000
957,Category-957,master,1550093236000
958,Category-958,master,1550093236000
959,Category-959,master,1550093236000
960,Category-960,master,1550093236000
961,Category-961,master,1550093236000
962,Category-962,master,1550093236000
963,Category-963,master,1550093236000
964,Category-964,master,1550093236000
965,Category-965,master,1550093236000
966,Category-966,master,1550093236000
967,Category-967,master,1550093236000
968,Category-968,master,1550093236000
969,Category-969,master,1550093236000
970,Category-970,master,1550093236000
971,Category-971,master,1550093236000
972,Category-972,master,1550093236000
973,Category-973,master,1550093236000
974,Category-974,master,1550093236000
975,Category-975,master,1550093236000
976,Category-976,master,1550093236000
977,Category-977,master,1550093236000
978,Category-978,master,1550093236000
979,Category-979,master,1550093236000
980,Category-980,master,1550093236000
981,Category-981,master,1550093236000
982,Category-982,master,1550093236000
983,Category-983,master,1550093236000
984,Category-984,master,1550093236000
985,Category-985,master,1550093236000
986,Category-986,master,1550093236000
987,Category-987,master,1550093236000
988,Category-988,master,1550093236000
989,Category-989,master,1550093236000
990,Category-990,master,1550093236000
991,Category-991,master,1550093236000
992,Category-992,master,1550093236000
993,Category-993,master,1550093236000
994,Category-994,master,1550093236000
995,Category-995,master,1550093236000
996,Category-996,master,1550093236000
997,Category-997,master,1550093236000
998,Category-998,master,1550093236000
999,Category-999,master,1550093236000
1000,Category-1000,master,1550093236000
1001,Category-1001,master,1550093236000
1002,Category-1002,master,1550093236000
1003,Category-1003,master,1550093236000
1004,Category-1004,master,1550093236000
1005,Category-1005,master,1550093236000
1006,Category-1006,master,1550093236000
1007,Category-1007,master,1550093236000
1008,Category-1008,master,1550093236000
1009,Category-1009,master,1550093236000
1010,Category-1010,master,1550093236000
1011,Category-1011,master,1550093236000
1012,Category-1012,master,1550093236000
1013,Category-1013,master,1550093236000
1014,Category-1014,master,1550093236000
1015,Category-1015,master,1550093236000
1016,Category-1016,master,1550093236000
1017,Category-1017,master,1550093236000
1018,Category-1018,master,1550093236000
1019,Category-1019,master,1550093236000
1020,Category-1020,master,1550093236000
1021,Category-1021,master,1550093236000
1022,Category-1022,master,1550093236000
1023,Category-1023,master,1550093236000
1024,Category-1024,master,1550093236000
1025,Category-1025,master,1550093236000
1026,Category-1026,master,1550093236000
1027,Category-1027,master,1550093236000
1028,Category-1028,master,1550093236000
1029,Category-1029,master,1550093236000
1030,Category-1030,master,1550093236000
1031,Category-1031,master,1550093236000
1032,Category-1032,master,1550093236000
1033,Category-1033,master,1550093236000
1034,Category-1034,master,1550093236000
1035,Category-1035,master,1550093236000
1036,Category-1036,master,1550093236000
1037,Category-1037,master,1550093236000
1038,Category-1038,master,1550093236000
1039,Category-1039,master,1550093236000
1040,Category-1040,master,1550093236000
1041,Category-1041,master,1550093236000
1042,Category-1042,master,1550093236000
1043,Category-1043,master,1550093236000
1044,Category-1044,master,1550093236000
1045,Category-1045,master,1550093236000
1046,Category-1046,master,1550093236000
1047,Category-1047,master,1550093236000
1048,Category-1048,master,1550093236000
1049,Category-1049,master,1550093236000
1050,Category-1050,master,1550093236000
1051,Category-1051,master,1550093236000
1052,Category-1052,master,1550093236000
1053,Category-1053,master,1550093236000
1054,Category-1054,master,1550093236000
1055,Category-1055,master,1550093236000
1056,Category-1056,master,1550093236000
1057,Category-1057,master,1550093236000
1058,Category-1058,master,1550093236000
1059,Category-1059,master,1550093236000
1060,Category-1060,master,1550093236000
1061,Category-1061,master,1550093236000
1062,Category-1062,master,1550093236000
1063,Category-1063,master,1550093236000
1064,Category-1064,master,1550093236000
1065,Category-1065,master,1550093236000
1066,Category-1066,master,1550093236000
1067,Category-1067,master,1550093236000
1068,Category-1068,master,1550093236000
1069,Category-1069,master,1550093236000
1070,Category-1070,master,1550093236000
1071,Category-1071,master,1550093236000
1072,Category-1072,master,1550093236000
1073,Category-1073,master,1550093236000
1074,Category-1074,master,1550093236000
1075,Category-1075,master,1550093236000
1076,Category-1076,master,1550093236000
1077,Category-1077,master,1550093236000
1078,Category-1078,master,1550093236000
1079,Category-1079,master,1550093236000
1080,Category-1080,master,1550093236000
1081,Category-1081,master,1550093236000
1082,Category-1082,master,1550093236000
1083,Category-1083,master,1550093236000
1084,Category-1084,master,1550093236000
1085,Category-1085,master,1550093236000
1086,Category-1086,master,1550093236000
1087,Category-1087,master,1550093236000
1088,Category-1088,master,1550093236000
1089,Category-1089,master,1550093236000
1090,Category-1090,master,1550093236000
1091,Category-1091,master,1550093236000
1092,Category-1092,master,1550093236000
1093,Category-1093,master,1550093236000
1094,Category-1094,master,1550093236000
1095,Category-1095,master,1550093236000
1096,Category-1096,master,1550093236000
1097,Category-1097,master,1550093236000
1098,Category-1098,master,1550093236000
1099,Category-1099,master,1550093236000
1100,Category-1100,master,1550093236000
1101,Category-1101,master,1550093236000
1102,Category-1102,master,1550093236000
1103,Category-1103,master,1550093236000
1104,Category-1104,master,1550093236000
1105,Category-1105,master,1550093236000
1106,Category-1106,master,1550093236000
1107,Category-1107,master,1550093236000
1108,Category-1108,master,1550093236000
1109,Category-1109,master,1550093236000
1110,Category-1110,master,1550093236000
1111,Category-1111,master,1550093236000
1112,Category-1112,master,1550093236000
1113,Category-1113,master,1550093236000
1114,Category-1114,master,1550093236000
1115,Category-1115,master,1550093236000
1116,Category-1116,master,1550093236000
1117,Category-1117,master,1550093236000
1118,Category-1118,master,1550093236000
1119,Category-1119,master,1550093236000
1120,Category-1120,master,1550093236000
1121,Category-1121,master,1550093236000
1122,Category-1122,master,1550093236000
1123,Category-1123,master,1550093236000
1124,Category-1124,master,1550093236000
1125,Category-1125,master,1550093236000
1126,Category-1126,master,1550093236000
1127,Category-1127,master,1550093236000
1128,Category-1128,master,1550093236000
1129,Category-1129,master,1550093236000
1130,Category-1130,master,1550093236000
1131,Category-1131,master,1550093236000
1132,Category-1132,master,1550093236000
1133,Category-1133,master,1550093236000
1134,Category-1134,master,1550093236000
1135,Category-1135,master,1550093236000
1136,Category-1136,master,1550093236000
1137,Category-1137,master,1550093236000
1138,Category-1138,master,1550093236000
1139,Category-1139,master,1550093236000
1140,Category-1140,master,1550093236000
1141,Category-1141,master,1550093236000
1142,Category-1142,master,1550093236000
1143,Category-1143,master,1550093236000
1144,Category-1144,master,1550093236000
1145,Category-1145,master,1550093236000
1146,Category-1146,master,1550093236000
1147,Category-1147,master,1550093236000
1148,Category-1148,master,1550093236000
1149,Category-1149,master,1550093236000
1150,Category-1150,master,1550093236000
1151,Category-1151,master,1550093236000
1152,Category-1152,master,1550093236000
1153,Category-1153,master,1550093236000
1154,Category-1154,master,1550093236000
1155,Category-1155,master,1550093236000
1156,Category-1156,master,1550093236000
1157,Category-1157,master,1550093236000
1158,Category-1158,master,1550093236000
1159,Category-1159,master,1550093236000
1160,Category-1160,master,1550093236000
1161,Category-1161,master,1550093236000
1162,Category-1162,master,1550093236000
1163,Category-1163,master,1550093236000
1164,Category-1164,master,1550093236000
1165,Category-1165,master,1550093236000
1166,Category-1166,master,1550093236000
1167,Category-1167,master,1550093236000
1168,Category-1168,master,1550093236000
1169,Category-1169,master,1550093236000
1170,Category-1170,master,1550093236000
1171,Category-1171,master,1550093236000
1172,Category-1172,master,1550093236000
1173,Category-1173,master,1550093236000
1174,Category-1174,master,1550093236000
1175,Category-1175,master,1550093236000
1176,Category-1176,master,1550093236000
1177,Category-1177,master,1550093236000
1178,Category-1178,master,1550093236000
1179,Category-1179,master,1550093236000
1180,Category-1180,master,1550093236000
1181,Category-1181,master,1550093236000
1182,Category-1182,master,1550093236000
1183,Category-1183,master,1550093236000
1184,Category-1184,master,1550093236000
1185,Category-1185,master,1550093236000
1186,Category-1186,master,1550093236000
1187,Category-1187,master,1550093236000
1188,Category-1188,master,1550093236000
1189,Category-1189,master,1550093236000
1190,Category-1190,master,1550093236000
1191,Category-1191,master,1550093236000
1192,Category-1192,master,1550093236000
1193,Category-1193,master,1550093236000
1194,Category-1194,master,1550093236000
1195,Category-1195,master,1550093236000
1196,Category-1196,master,1550093236000
1197,Category-1197,master,1550093236000
1198,Category-1198,master,1550093236000
1199,Category-1199,master,1550093236000
1200,Category-1200,master,1550093236000
1201,Category-1201,master,1550093236000
1202,Category-1202,master,1550093236000
1203,Category-1203,master,1550093236000
1204,Category-1204,master,1550093236000
1205,Category-1205,master,1550093236000
1206,Category-1206,master,1550093236000
1207,Category-1207,master,1550093236000
1208,Category-1208,master,1550093236000
1209,Category-1209,master,1550093236000
1210,Category-1210,master,1550093236000
