1,master,1550093236000
2,master,1550093236000
3,master,1550093236000
4,master,1550093236000
5,master,1550093236000
6,master,1550093236000
7,master,1550093236000
8,master,1550093236000
9,master,1550093236000
10,master,1550093236000
11,master,1550093236000
12,master,1550093236000
13,master,1550093236000
14,master,1550093236000
15,master,1550093236000
16,master,1550093236000
17,master,1550093236000
18,master,1550093236000
19,master,1550093236000
20,master,1550093236000
21,master,1550093236000
22,master,1550093236000
23,master,1550093236000
24,master,1550093236000
25,master,1550093236000
26,master,1550093236000
27,master,1550093236000
28,master,1550093236000
29,master,1550093236000
30,master,1550093236000
31,master,1550093236000
32,master,1550093236000
33,master,1550093236000
34,master,1550093236000
35,master,1550093236000
36,master,1550093236000
37,master,1550093236000
38,master,1550093236000
39,master,1550093236000
40,master,1550093236000
41,master,1550093236000
42,master,1550093236000
43,master,1550093236000
44,master,1550093236000
45,master,1550093236000
46,master,1550093236000
47,master,1550093236000
48,master,1550093236000
49,master,1550093236000
50,master,1550093236000
51,master,1550093236000
52,master,1550093236000
53,master,1550093236000
54,master,1550093236000
55,master,1550093236000
56,master,1550093236000
57,master,1550093236000
58,master,1550093236000
59,master,1550093236000
60,master,1550093236000
61,master,1550093236000
62,master,1550093236000
63,master,1550093236000
64,master,1550093236000
65,master,1550093236000
66,master,1550093236000
67,master,1550093236000
68,master,1550093236000
69,master,1550093236000
70,master,1550093236000
71,master,1550093236000
72,master,1550093236000
73,master,1550093236000
74,master,1550093236000
75,master,1550093236000
76,master,1550093236000
77,master,1550093236000
78,master,1550093236000
79,master,1550093236000
80,master,1550093236000
81,master,1550093236000
82,master,1550093236000
83,master,1550093236000
84,master,1550093236000
85,master,1550093236000
86,master,1550093236000
87,master,1550093236000
88,master,1550093236000
89,master,1550093236000
90,master,1550093236000
91,master,1550093236000
92,master,1550093236000
93,master,1550093236000
94,master,1550093236000
95,master,1550093236000
96,master,1550093236000
97,master,1550093236000
98,master,1550093236000
99,master,1550093236000
100,master,1550093236000
101,master,1550093236000
102,master,1550093236000
103,master,1550093236000
104,master,1550093236000
105,master,1550093236000
106,master,1550093236000
107,master,1550093236000
108,master,1550093236000
109,master,1550093236000
110,master,1550093236000
111,master,1550093236000
112,master,1550093236000
113,master,1550093236000
114,master,1550093236000
115,master,1550093236000
116,master,1550093236000
117,master,1550093236000
118,master,1550093236000
119,master,1550093236000
120,master,1550093236000
121,master,1550093236000
122,master,1550093236000
123,master,1550093236000
124,master,1550093236000
125,master,1550093236000
126,master,1550093236000
127,master,1550093236000
128,master,1550093236000
129,master,1550093236000
130,master,1550093236000
131,master,1550093236000
132,master,1550093236000
133,master,1550093236000
134,master,1550093236000
135,master,1550093236000
136,master,1550093236000
137,master,1550093236000
138,master,1550093236000
139,master,1550093236000
140,master,1550093236000
141,master,1550093236000
142,master,1550093236000
143,master,1550093236000
144,master,1550093236000
145,master,1550093236000
146,master,1550093236000
147,master,1550093236000
148,master,1550093236000
149,master,1550093236000
150,master,1550093236000
151,master,1550093236000
152,master,1550093236000
153,master,1550093236000
154,master,1550093236000
155,master,1550093236000
156,master,1550093236000
157,master,1550093236000
158,master,1550093236000
159,master,1550093236000
160,master,1550093236000
161,master,1550093236000
162,master,1550093236000
163,master,1550093236000
164,master,1550093236000
165,master,1550093236000
166,master,1550093236000
167,master,1550093236000
168,master,1550093236000
169,master,1550093236000
170,master,1550093236000
171,master,1550093236000
172,master,1550093236000
173,master,1550093236000
174,master,1550093236000
175,master,1550093236000
176,master,1550093236000
177,master,1550093236000
178,master,1550093236000
179,master,1550093236000
180,master,1550093236000
181,master,1550093236000
182,master,1550093236000
183,master,1550093236000
184,master,1550093236000
185,master,1550093236000
186,master,1550093236000
187,master,1550093236000
188,master,1550093236000
189,master,1550093236000
190,master,1550093236000
191,master,1550093236000
192,master,1550093236000
193,master,1550093236000
194,master,1550093236000
195,master,1550093236000
196,master,1550093236000
197,master,1550093236000
198,master,1550093236000
199,master,1550093236000
200,master,1550093236000
201,master,1550093236000
202,master,1550093236000
203,master,1550093236000
204,master,1550093236000
205,master,1550093236000
206,master,1550093236000
207,master,1550093236000
208,master,1550093236000
209,master,1550093236000
210,master,1550093236000
211,master,1550093236000
212,master,1550093236000
213,master,1550093236000
214,master,1550093236000
215,master,1550093236000
216,master,1550093236000
217,master,1550093236000
218,master,1550093236000
219,master,1550093236000
220,master,1550093236000
221,master,1550093236000
222,master,1550093236000
223,master,1550093236000
224,master,1550093236000
225,master,1550093236000
226,master,1550093236000
227,master,1550093236000
228,master,1550093236000
229,master,1550093236000
230,master,1550093236000
231,master,1550093236000
232,master,1550093236000
233,master,1550093236000
234,master,1550093236000
235,master,1550093236000
236,master,1550093236000
237,master,1550093236000
238,master,1550093236000
239,master,1550093236000
240,master,1550093236000
241,master,1550093236000
242,master,1550093236000
243,master,1550093236000
244,master,1550093236000
245,master,1550093236000
246,master,1550093236000
247,master,1550093236000
248,master,1550093236000
249,master,1550093236000
250,master,1550093236000
251,master,1550093236000
252,master,1550093236000
253,master,1550093236000
254,master,1550093236000
255,master,1550093236000
256,master,1550093236000
257,master,1550093236000
258,master,1550093236000
259,master,1550093236000
260,master,1550093236000
261,master,1550093236000
262,master,1550093236000
263,master,1550093236000
264,master,1550093236000
265,master,1550093236000
266,master,1550093236000
267,master,1550093236000
268,master,1550093236000
269,master,1550093236000
270,master,1550093236000
271,master,1550093236000
272,master,1550093236000
273,master,1550093236000
274,master,1550093236000
275,master,1550093236000
276,master,1550093236000
277,master,1550093236000
278,master,1550093236000
279,master,1550093236000
280,master,1550093236000
281,master,1550093236000
282,master,1550093236000
283,master,1550093236000
284,master,1550093236000
285,master,1550093236000
286,master,1550093236000
287,master,1550093236000
288,master,1550093236000
289,master,1550093236000
290,master,1550093236000
291,master,1550093236000
292,master,1550093236000
293,master,1550093236000
294,master,1550093236000
295,master,1550093236000
296,master,1550093236000
297,master,1550093236000
298,master,1550093236000
299,master,1550093236000
300,master,1550093236000
301,master,1550093236000
302,master,1550093236000
303,master,1550093236000
304,master,1550093236000
305,master,1550093236000
306,master,1550093236000
307,master,1550093236000
308,master,1550093236000
309,master,1550093236000
310,master,1550093236000
311,master,1550093236000
312,master,1550093236000
313,master,1550093236000
314,master,1550093236000
315,master,1550093236000
316,master,1550093236000
317,master,1550093236000
318,master,1550093236000
319,master,1550093236000
320,master,1550093236000
321,master,1550093236000
322,master,1550093236000
323,master,1550093236000
324,master,1550093236000
325,master,1550093236000
326,master,1550093236000
327,master,1550093236000
328,master,1550093236000
329,master,1550093236000
330,master,1550093236000
331,master,1550093236000
332,master,1550093236000
333,master,1550093236000
334,master,1550093236000
335,master,1550093236000
336,master,1550093236000
337,master,1550093236000
338,master,1550093236000
339,master,1550093236000
340,master,1550093236000
341,master,1550093236000
342,master,1550093236000
343,master,1550093236000
344,master,1550093236000
345,master,1550093236000
346,master,1550093236000
347,master,1550093236000
348,master,1550093236000
349,master,1550093236000
350,master,1550093236000
351,master,1550093236000
352,master,1550093236000
353,master,1550093236000
354,master,1550093236000
355,master,1550093236000
356,master,1550093236000
357,master,1550093236000
358,master,1550093236000
359,master,1550093236000
360,master,1550093236000
361,master,1550093236000
362,master,1550093236000
363,master,1550093236000
364,master,1550093236000
365,master,1550093236000
366,master,1550093236000
367,master,1550093236000
368,master,1550093236000
369,master,1550093236000
370,master,1550093236000
371,master,1550093236000
372,master,1550093236000
373,master,1550093236000
374,master,1550093236000
375,master,1550093236000
376,master,1550093236000
377,master,1550093236000
378,master,1550093236000
379,master,1550093236000
380,master,1550093236000
381,master,1550093236000
382,master,1550093236000
383,master,1550093236000
384,master,1550093236000
385,master,1550093236000
386,master,1550093236000
387,master,1550093236000
388,master,1550093236000
389,master,1550093236000
390,master,1550093236000
391,master,1550093236000
392,master,1550093236000
393,master,1550093236000
394,master,1550093236000
395,master,1550093236000
396,master,1550093236000
397,master,1550093236000
398,master,1550093236000
399,master,1550093236000
400,master,1550093236000
401,master,1550093236000
402,master,1550093236000
403,master,1550093236000
404,master,1550093236000
405,master,1550093236000
406,master,1550093236000
407,master,1550093236000
408,master,1550093236000
409,master,1550093236000
410,master,1550093236000
411,master,1550093236000
412,master,1550093236000
413,master,1550093236000
414,master,1550093236000
415,master,1550093236000
416,master,1550093236000
417,master,1550093236000
418,master,1550093236000
419,master,1550093236000
420,master,1550093236000
421,master,1550093236000
422,master,1550093236000
423,master,1550093236000
424,master,1550093236000
425,master,1550093236000
426,master,1550093236000
427,master,1550093236000
428,master,1550093236000
429,master,1550093236000
430,master,1550093236000
431,master,1550093236000
432,master,1550093236000
433,master,1550093236000
434,master,1550093236000
435,master,1550093236000
436,master,1550093236000
437,master,1550093236000
438,master,1550093236000
439,master,1550093236000
440,master,1550093236000
441,master,1550093236000
442,master,1550093236000
443,master,1550093236000
444,master,1550093236000
445,master,1550093236000
446,master,1550093236000
447,master,1550093236000
448,master,1550093236000
449,master,1550093236000
450,master,1550093236000
451,master,1550093236000
452,master,1550093236000
453,master,1550093236000
454,master,1550093236000
455,master,1550093236000
456,master,1550093236000
457,master,1550093236000
458,master,1550093236000
459,master,1550093236000
460,master,1550093236000
461,master,1550093236000
462,master,1550093236000
463,master,1550093236000
464,master,1550093236000
465,master,1550093236000
466,master,1550093236000
467,master,1550093236000
468,master,1550093236000
469,master,1550093236000
470,master,1550093236000
471,master,1550093236000
472,master,1550093236000
473,master,1550093236000
474,master,1550093236000
475,master,1550093236000
476,master,1550093236000
477,master,1550093236000
478,master,1550093236000
479,master,1550093236000
480,master,1550093236000
481,master,1550093236000
482,master,1550093236000
483,master,1550093236000
484,master,1550093236000
485,master,1550093236000
486,master,1550093236000
487,master,1550093236000
488,master,1550093236000
489,master,1550093236000
490,master,1550093236000
491,master,1550093236000
492,master,1550093236000
493,master,1550093236000
494,master,1550093236000
495,master,1550093236000
496,master,1550093236000
497,master,1550093236000
498,master,1550093236000
499,master,1550093236000
500,master,1550093236000
501,master,1550093236000
502,master,1550093236000
503,master,1550093236000
504,master,1550093236000
505,master,1550093236000
506,master,1550093236000
507,master,1550093236000
508,master,1550093236000
509,master,1550093236000
510,master,1550093236000
511,master,1550093236000
512,master,1550093236000
513,master,1550093236000
514,master,1550093236000
515,master,1550093236000
516,master,1550093236000
517,master,1550093236000
518,master,1550093236000
519,master,1550093236000
520,master,1550093236000
521,master,1550093236000
522,master,1550093236000
523,master,1550093236000
524,master,1550093236000
525,master,1550093236000
526,master,1550093236000
527,master,1550093236000
528,master,1550093236000
529,master,1550093236000
530,master,1550093236000
531,master,1550093236000
532,master,1550093236000
533,master,1550093236000
534,master,1550093236000
535,master,1550093236000
536,master,1550093236000
537,master,1550093236000
538,master,1550093236000
539,master,1550093236000
540,master,1550093236000
541,master,1550093236000
542,master,1550093236000
543,master,1550093236000
544,master,1550093236000
545,master,1550093236000
546,master,1550093236000
547,master,1550093236000
548,master,1550093236000
549,master,1550093236000
550,master,1550093236000
551,master,1550093236000
552,master,1550093236000
553,master,1550093236000
554,master,1550093236000
555,master,1550093236000
556,master,1550093236000
557,master,1550093236000
558,master,1550093236000
559,master,1550093236000
560,master,1550093236000
561,master,1550093236000
562,master,1550093236000
563,master,1550093236000
564,master,1550093236000
565,master,1550093236000
566,master,1550093236000
567,master,1550093236000
568,master,1550093236000
569,master,1550093236000
570,master,1550093236000
571,master,1550093236000
572,master,1550093236000
573,master,1550093236000
574,master,1550093236000
575,master,1550093236000
576,master,1550093236000
577,master,1550093236000
578,master,1550093236000
579,master,1550093236000
580,master,1550093236000
581,master,1550093236000
582,master,1550093236000
583,master,1550093236000
584,master,1550093236000
585,master,1550093236000
586,master,1550093236000
587,master,1550093236000
588,master,1550093236000
589,master,1550093236000
590,master,1550093236000
591,master,1550093236000
592,master,1550093236000
593,master,1550093236000
594,master,1550093236000
595,master,1550093236000
596,master,1550093236000
597,master,1550093236000
598,master,1550093236000
599,master,1550093236000
600,master,1550093236000
601,master,1550093236000
602,master,1550093236000
603,master,1550093236000
604,master,1550093236000
605,master,1550093236000
606,master,1550093236000
607,master,1550093236000
608,master,1550093236000
609,master,1550093236000
610,master,1550093236000
611,master,1550093236000
612,master,1550093236000
613,master,1550093236000
614,master,1550093236000
615,master,1550093236000
616,master,1550093236000
617,master,1550093236000
618,master,1550093236000
619,master,1550093236000
620,master,1550093236000
621,master,1550093236000
622,master,1550093236000
623,master,1550093236000
624,master,1550093236000
625,master,1550093236000
626,master,1550093236000
627,master,1550093236000
628,master,1550093236000
629,master,1550093236000
630,master,1550093236000
631,master,1550093236000
632,master,1550093236000
633,master,1550093236000
634,master,1550093236000
635,master,1550093236000
636,master,1550093236000
637,master,1550093236000
638,master,1550093236000
639,master,1550093236000
640,master,1550093236000
641,master,1550093236000
642,master,1550093236000
643,master,1550093236000
644,master,1550093236000
645,master,1550093236000
646,master,1550093236000
647,master,1550093236000
648,master,1550093236000
649,master,1550093236000
650,master,1550093236000
651,master,1550093236000
652,master,1550093236000
653,master,1550093236000
654,master,1550093236000
655,master,1550093236000
656,master,1550093236000
657,master,1550093236000
658,master,1550093236000
659,master,1550093236000
660,master,1550093236000
661,master,1550093236000
662,master,1550093236000
663,master,1550093236000
664,master,1550093236000
665,master,1550093236000
666,master,1550093236000
667,master,1550093236000
668,master,1550093236000
669,master,1550093236000
670,master,1550093236000
671,master,1550093236000
672,master,1550093236000
673,master,1550093236000
674,master,1550093236000
675,master,1550093236000
676,master,1550093236000
677,master,1550093236000
678,master,1550093236000
679,master,1550093236000
680,master,1550093236000
681,master,1550093236000
682,master,1550093236000
683,master,1550093236000
684,master,1550093236000
685,master,1550093236000
686,master,1550093236000
687,master,1550093236000
688,master,1550093236000
689,master,1550093236000
690,master,1550093236000
691,master,1550093236000
692,master,1550093236000
693,master,1550093236000
694,master,1550093236000
695,master,1550093236000
696,master,1550093236000
697,master,1550093236000
698,master,1550093236000
699,master,1550093236000
700,master,1550093236000
701,master,1550093236000
702,master,1550093236000
703,master,1550093236000
704,master,1550093236000
705,master,1550093236000
706,master,1550093236000
707,master,1550093236000
708,master,1550093236000
709,master,1550093236000
710,master,1550093236000
711,master,1550093236000
712,master,1550093236000
713,master,1550093236000
714,master,1550093236000
715,master,1550093236000
716,master,1550093236000
717,master,1550093236000
718,master,1550093236000
719,master,1550093236000
720,master,1550093236000
721,master,1550093236000
722,master,1550093236000
723,master,1550093236000
724,master,1550093236000
725,master,1550093236000
726,master,1550093236000
727,master,1550093236000
728,master,1550093236000
729,master,1550093236000
730,master,1550093236000
731,master,1550093236000
732,master,1550093236000
733,master,1550093236000
734,master,1550093236000
735,master,1550093236000
736,master,1550093236000
737,master,1550093236000
738,master,1550093236000
739,master,1550093236000
740,master,1550093236000
741,master,1550093236000
742,master,1550093236000
743,master,1550093236000
744,master,1550093236000
745,master,1550093236000
746,master,1550093236000
747,master,1550093236000
748,master,1550093236000
749,master,1550093236000
750,master,1550093236000
751,master,1550093236000
752,master,1550093236000
753,master,1550093236000
754,master,1550093236000
755,master,1550093236000
756,master,1550093236000
757,master,1550093236000
758,master,1550093236000
759,master,1550093236000
760,master,1550093236000
761,master,1550093236000
762,master,1550093236000
763,master,1550093236000
764,master,1550093236000
765,master,1550093236000
766,master,1550093236000
767,master,1550093236000
768,master,1550093236000
769,master,1550093236000
770,master,1550093236000
771,master,1550093236000
772,master,1550093236000
773,master,1550093236000
774,master,1550093236000
775,master,1550093236000
776,master,1550093236000
777,master,1550093236000
778,master,1550093236000
779,master,1550093236000
780,master,1550093236000
781,master,1550093236000
782,master,1550093236000
783,master,1550093236000
784,master,1550093236000
785,master,1550093236000
786,master,1550093236000
787,master,1550093236000
788,master,1550093236000
789,master,1550093236000
790,master,1550093236000
791,master,1550093236000
792,master,1550093236000
793,master,1550093236000
794,master,1550093236000
795,master,1550093236000
796,master,1550093236000
797,master,1550093236000
798,master,1550093236000
799,master,1550093236000
800,master,1550093236000
801,master,1550093236000
802,master,1550093236000
803,master,1550093236000
804,master,1550093236000
805,master,1550093236000
806,master,1550093236000
807,master,1550093236000
808,master,1550093236000
809,master,1550093236000
810,master,1550093236000
811,master,1550093236000
812,master,1550093236000
813,master,1550093236000
814,master,1550093236000
815,master,1550093236000
816,master,1550093236000
817,master,1550093236000
818,master,1550093236000
819,master,1550093236000
820,master,1550093236000
821,master,1550093236000
822,master,1550093236000
823,master,1550093236000
824,master,1550093236000
825,master,1550093236000
826,master,1550093236000
827,master,1550093236000
828,master,1550093236000
829,master,1550093236000
830,master,1550093236000
831,master,1550093236000
832,master,1550093236000
833,master,1550093236000
834,master,1550093236000
835,master,1550093236000
836,master,1550093236000
837,master,1550093236000
838,master,1550093236000
839,master,1550093236000
840,master,1550093236000
841,master,1550093236000
842,master,1550093236000
843,master,1550093236000
844,master,1550093236000
845,master,1550093236000
846,master,1550093236000
847,master,1550093236000
848,master,1550093236000
849,master,1550093236000
850,master,1550093236000
851,master,1550093236000
852,master,1550093236000
853,master,1550093236000
854,master,1550093236000
855,master,1550093236000
856,master,1550093236000
857,master,1550093236000
858,master,1550093236000
859,master,1550093236000
860,master,1550093236000
861,master,1550093236000
862,master,1550093236000
863,master,1550093236000
864,master,1550093236000
865,master,1550093236000
866,master,1550093236000
867,master,1550093236000
868,master,1550093236000
869,master,1550093236000
870,master,1550093236000
871,master,1550093236000
872,master,1550093236000
873,master,1550093236000
874,master,1550093236000
875,master,1550093236000
876,master,1550093236000
877,master,1550093236000
878,master,1550093236000
879,master,1550093236000
880,master,1550093236000
881,master,1550093236000
882,master,1550093236000
883,master,1550093236000
884,master,1550093236000
885,master,1550093236000
886,master,1550093236000
887,master,1550093236000
888,master,1550093236000
889,master,1550093236000
890,master,1550093236000
891,master,1550093236000
892,master,1550093236000
893,master,1550093236000
894,master,1550093236000
895,master,1550093236000
896,master,1550093236000
897,master,1550093236000
898,master,1550093236000
899,master,1550093236000
900,master,1550093236000
901,master,1550093236000
902,master,1550093236000
903,master,1550093236000
904,master,1550093236000
905,master,1550093236000
906,master,1550093236000
907,master,1550093236000
908,master,1550093236000
909,master,1550093236000
910,master,1550093236000
911,master,1550093236000
912,master,1550093236000
913,master,1550093236000
914,master,1550093236000
915,master,1550093236000
916,master,1550093236000
917,master,1550093236000
918,master,1550093236000
919,master,1550093236000
920,master,1550093236000
921,master,1550093236000
922,master,1550093236000
923,master,1550093236000
924,master,1550093236000
925,master,1550093236000
926,master,1550093236000
927,master,1550093236000
928,master,1550093236000
929,master,1550093236000
930,master,1550093236000
931,master,1550093236000
932,master,1550093236000
933,master,1550093236000
934,master,1550093236000
935,master,1550093236000
936,master,1550093236000
937,master,1550093236000
938,master,1550093236000
939,master,1550093236000
940,master,1550093236000
941,master,1550093236000
942,master,1550093236000
943,master,1550093236000
944,master,1550093236000
945,master,1550093236000
946,master,1550093236000
947,master,1550093236000
948,master,1550093236000
949,master,1550093236000
950,master,1550093236000
951,master,1550093236000
952,master,1550093236000
953,master,1550093236000
954,master,1550093236000
955,master,1550093236000
956,master,1550093236000
957,master,1550093236000
958,master,1550093236000
959,master,1550093236000
960,master,1550093236000
961,master,1550093236000
962,master,1550093236000
963,master,1550093236000
964,master,1550093236000
965,master,1550093236000
966,master,1550093236000
967,master,1550093236000
968,master,1550093236000
969,master,1550093236000
970,master,1550093236000
971,master,1550093236000
972,master,1550093236000
973,master,1550093236000
974,master,1550093236000
975,master,1550093236000
976,master,1550093236000
977,master,1550093236000
978,master,1550093236000
979,master,1550093236000
980,master,1550093236000
981,master,1550093236000
982,master,1550093236000
983,master,1550093236000
984,master,1550093236000
985,master,1550093236000
986,master,1550093236000
987,master,1550093236000
988,master,1550093236000
989,master,1550093236000
990,master,1550093236000
991,master,1550093236000
992,master,1550093236000
993,master,1550093236000
994,master,1550093236000
995,master,1550093236000
996,master,1550093236000
997,master,1550093236000
998,master,1550093236000
999,master,1550093236000
1000,master,1550093236000
1001,master,1550093236000
1002,master,1550093236000
1003,master,1550093236000
1004,master,1550093236000
1005,master,1550093236000
1006,master,1550093236000
1007,master,1550093236000
1008,master,1550093236000
1009,master,1550093236000
1010,master,1550093236000
1011,master,1550093236000
1012,master,1550093236000
1013,master,1550093236000
1014,master,1550093236000
1015,master,1550093236000
1016,master,1550093236000
1017,master,1550093236000
1018,master,1550093236000
1019,master,1550093236000
1020,master,1550093236000
1021,master,1550093236000
1022,master,1550093236000
1023,master,1550093236000
1024,master,1550093236000
1025,master,1550093236000
1026,master,1550093236000
1027,master,1550093236000
1028,master,1550093236000
1029,master,1550093236000
1030,master,1550093236000
1031,master,1550093236000
1032,master,1550093236000
1033,master,1550093236000
1034,master,1550093236000
1035,master,1550093236000
1036,master,1550093236000
1037,master,1550093236000
1038,master,1550093236000
1039,master,1550093236000
1040,master,1550093236000
1041,master,1550093236000
1042,master,1550093236000
1043,master,1550093236000
1044,master,1550093236000
1045,master,1550093236000
1046,master,1550093236000
1047,master,1550093236000
1048,master,1550093236000
1049,master,1550093236000
1050,master,1550093236000
1051,master,1550093236000
1052,master,1550093236000
1053,master,1550093236000
1054,master,1550093236000
1055,master,1550093236000
1056,master,1550093236000
1057,master,1550093236000
1058,master,1550093236000
1059,master,1550093236000
1060,master,1550093236000
1061,master,1550093236000
1062,master,1550093236000
1063,master,1550093236000
1064,master,1550093236000
1065,master,1550093236000
1066,master,1550093236000
1067,master,1550093236000
1068,master,1550093236000
1069,master,1550093236000
1070,master,1550093236000
1071,master,1550093236000
1072,master,1550093236000
1073,master,1550093236000
1074,master,1550093236000
1075,master,1550093236000
1076,master,1550093236000
1077,master,1550093236000
1078,master,1550093236000
1079,master,1550093236000
1080,master,1550093236000
1081,master,1550093236000
1082,master,1550093236000
1083,master,1550093236000
1084,master,1550093236000
1085,master,1550093236000
1086,master,1550093236000
1087,master,1550093236000
1088,master,1550093236000
1089,master,1550093236000
1090,master,1550093236000
1091,master,1550093236000
1092,master,1550093236000
1093,master,1550093236000
1094,master,1550093236000
1095,master,1550093236000
1096,master,1550093236000
1097,master,1550093236000
1098,master,1550093236000
1099,master,1550093236000
1100,master,1550093236000
1101,master,1550093236000
1102,master,1550093236000
1103,master,1550093236000
1104,master,1550093236000
1105,master,1550093236000
1106,master,1550093236000
1107,master,1550093236000
1108,master,1550093236000
1109,master,1550093236000
1110,master,1550093236000
1111,master,1550093236000
1112,master,1550093236000
1113,master,1550093236000
1114,master,1550093236000
1115,master,1550093236000
1116,master,1550093236000
1117,master,1550093236000
1118,master,1550093236000
1119,master,1550093236000
1120,master,1550093236000
1121,master,1550093236000
1122,master,1550093236000
1123,master,1550093236000
1124,master,1550093236000
1125,master,1550093236000
1126,master,1550093236000
1127,master,1550093236000
1128,master,1550093236000
1129,master,1550093236000
1130,master,1550093236000
1131,master,1550093236000
1132,master,1550093236000
1133,master,1550093236000
1134,master,1550093236000
1135,master,1550093236000
1136,master,1550093236000
1137,master,1550093236000
1138,master,1550093236000
1139,master,1550093236000
1140,master,1550093236000
1141,master,1550093236000
1142,master,1550093236000
1143,master,1550093236000
1144,master,1550093236000
1145,master,1550093236000
1146,master,1550093236000
1147,master,1550093236000
1148,master,1550093236000
1149,master,1550093236000
1150,master,1550093236000
1151,master,1550093236000
1152,master,1550093236000
1153,master,1550093236000
1154,master,1550093236000
1155,master,1550093236000
1156,master,1550093236000
1157,master,1550093236000
1158,master,1550093236000
1159,master,1550093236000
1160,master,1550093236000
1161,master,1550093236000
1162,master,1550093236000
1163,master,1550093236000
1164,master,1550093236000
1165,master,1550093236000
1166,master,1550093236000
1167,master,1550093236000
1168,master,1550093236000
1169,master,1550093236000
1170,master,1550093236000
1171,master,1550093236000
1172,master,1550093236000
1173,master,1550093236000
1174,master,1550093236000
1175,master,1550093236000
1176,master,1550093236000
1177,master,1550093236000
1178,master,1550093236000
1179,master,1550093236000
1180,master,1550093236000
1181,master,1550093236000
1182,master,1550093236000
1183,master,1550093236000
1184,master,1550093236000
1185,master,1550093236000
1186,master,1550093236000
1187,master,1550093236000
1188,master,1550093236000
1189,master,1550093236000
1190,master,1550093236000
1191,master,1550093236000
1192,master,1550093236000
1193,master,1550093236000
1194,master,1550093236000
1195,master,1550093236000
1196,master,1550093236000
1197,master,1550093236000
1198,master,1550093236000
1199,master,1550093236000
1200,master,1550093236000
1201,master,1550093236000
1202,master,1550093236000
1203,master,1550093236000
1204,master,1550093236000
1205,master,1550093236000
1206,master,1550093236000
1207,master,1550093236000
1208,master,1550093236000
1209,master,1550093236000
1210,master,1550093236000
1211,master,1550093236000
1212,master,1550093236000
1213,master,1550093236000
1214,master,1550093236000
1215,master,1550093236000
1216,master,1550093236000
1217,master,1550093236000
1218,master,1550093236000
1219,master,1550093236000
1220,master,1550093236000
1221,master,1550093236000
1222,master,1550093236000
1223,master,1550093236000
1224,master,1550093236000
1225,master,1550093236000
1226,master,1550093236000
1227,master,1550093236000
1228,master,1550093236000
1229,master,1550093236000
1230,master,1550093236000
1231,master,1550093236000
1232,master,1550093236000
1233,master,1550093236000
1234,master,1550093236000
1235,master,1550093236000
1236,master,1550093236000
1237,master,1550093236000
1238,master,1550093236000
1239,master,1550093236000
1240,master,1550093236000
1241,master,1550093236000
1242,master,1550093236000
1243,master,1550093236000
1244,master,1550093236000
1245,master,1550093236000
1246,master,1550093236000
1247,master,1550093236000
1248,master,1550093236000
1249,master,1550093236000
1250,master,1550093236000
1251,master,1550093236000
1252,master,1550093236000
1253,master,1550093236000
1254,master,1550093236000
1255,master,1550093236000
1256,master,1550093236000
1257,master,1550093236000
1258,master,1550093236000
1259,master,1550093236000
1260,master,1550093236000
1261,master,1550093236000
1262,master,1550093236000
1263,master,1550093236000
1264,master,1550093236000
1265,master,1550093236000
1266,master,1550093236000
1267,master,1550093236000
1268,master,1550093236000
1269,master,1550093236000
1270,master,1550093236000
1271,master,1550093236000
1272,master,1550093236000
1273,master,1550093236000
1274,master,1550093236000
1275,master,1550093236000
1276,master,1550093236000
1277,master,1550093236000
1278,master,1550093236000
1279,master,1550093236000
1280,master,1550093236000
1281,master,1550093236000
1282,master,1550093236000
1283,master,1550093236000
1284,master,1550093236000
1285,master,1550093236000
1286,master,1550093236000
1287,master,1550093236000
1288,master,1550093236000
1289,master,1550093236000
1290,master,1550093236000
1291,master,1550093236000
1292,master,1550093236000
1293,master,1550093236000
1294,master,1550093236000
1295,master,1550093236000
1296,master,1550093236000
1297,master,1550093236000
1298,master,1550093236000
1299,master,1550093236000
1300,master,1550093236000
1301,master,1550093236000
1302,master,1550093236000
1303,master,1550093236000
1304,master,1550093236000
1305,master,1550093236000
1306,master,1550093236000
1307,master,1550093236000
1308,master,1550093236000
1309,master,1550093236000
1310,master,1550093236000
1311,master,1550093236000
1312,master,1550093236000
1313,master,1550093236000
1314,master,1550093236000
1315,master,1550093236000
1316,master,1550093236000
1317,master,1550093236000
1318,master,1550093236000
1319,master,1550093236000
1320,master,1550093236000
1321,master,1550093236000
1322,master,1550093236000
1323,master,1550093236000
1324,master,1550093236000
1325,master,1550093236000
1326,master,1550093236000
1327,master,1550093236000
1328,master,1550093236000
1329,master,1550093236000
1330,master,1550093236000
1331,master,1550093236000
1332,master,1550093236000
1333,master,1550093236000
1334,master,1550093236000
1335,master,1550093236000
1336,master,1550093236000
1337,master,1550093236000
1338,master,1550093236000
1339,master,1550093236000
1340,master,1550093236000
1341,master,1550093236000
1342,master,1550093236000
1343,master,1550093236000
1344,master,1550093236000
1345,master,1550093236000
1346,master,1550093236000
1347,master,1550093236000
1348,master,1550093236000
1349,master,1550093236000
1350,master,1550093236000
1351,master,1550093236000
1352,master,1550093236000
1353,master,1550093236000
1354,master,1550093236000
1355,master,1550093236000
1356,master,1550093236000
1357,master,1550093236000
1358,master,1550093236000
1359,master,1550093236000
1360,master,1550093236000
1361,master,1550093236000
1362,master,1550093236000
1363,master,1550093236000
1364,master,1550093236000
1365,master,1550093236000
1366,master,1550093236000
1367,master,1550093236000
1368,master,1550093236000
1369,master,1550093236000
1370,master,1550093236000
1371,master,1550093236000
1372,master,1550093236000
1373,master,1550093236000
1374,master,1550093236000
1375,master,1550093236000
1376,master,1550093236000
1377,master,1550093236000
1378,master,1550093236000
1379,master,1550093236000
1380,master,1550093236000
1381,master,1550093236000
1382,master,1550093236000
1383,master,1550093236000
1384,master,1550093236000
1385,master,1550093236000
1386,master,1550093236000
1387,master,1550093236000
1388,master,1550093236000
1389,master,1550093236000
1390,master,1550093236000
1391,master,1550093236000
1392,master,1550093236000
1393,master,1550093236000
1394,master,1550093236000
1395,master,1550093236000
1396,master,1550093236000
1397,master,1550093236000
1398,master,1550093236000
1399,master,1550093236000
1400,master,1550093236000
1401,master,1550093236000
1402,master,1550093236000
1403,master,1550093236000
1404,master,1550093236000
1405,master,1550093236000
1406,master,1550093236000
1407,master,1550093236000
1408,master,1550093236000
1409,master,1550093236000
1410,master,1550093236000
1411,master,1550093236000
1412,master,1550093236000
1413,master,1550093236000
1414,master,1550093236000
1415,master,1550093236000
1416,master,1550093236000
1417,master,1550093236000
1418,master,1550093236000
1419,master,1550093236000
1420,master,1550093236000
1421,master,1550093236000
1422,master,1550093236000
1423,master,1550093236000
1424,master,1550093236000
1425,master,1550093236000
1426,master,1550093236000
1427,master,1550093236000
1428,master,1550093236000
1429,master,1550093236000
1430,master,1550093236000
1431,master,1550093236000
1432,master,1550093236000
1433,master,1550093236000
1434,master,1550093236000
1435,master,1550093236000
1436,master,1550093236000
1437,master,1550093236000
1438,master,1550093236000
1439,master,1550093236000
1440,master,1550093236000
1441,master,1550093236000
1442,master,1550093236000
1443,master,1550093236000
1444,master,1550093236000
1445,master,1550093236000
1446,master,1550093236000
1447,master,1550093236000
1448,master,1550093236000
1449,master,1550093236000
1450,master,1550093236000
1451,master,1550093236000
1452,master,1550093236000
1453,master,1550093236000
1454,master,1550093236000
1455,master,1550093236000
1456,master,1550093236000
1457,master,1550093236000
1458,master,1550093236000
1459,master,1550093236000
1460,master,1550093236000
1461,master,1550093236000
1462,master,1550093236000
1463,master,1550093236000
1464,master,1550093236000
1465,master,1550093236000
1466,master,1550093236000
1467,master,1550093236000
1468,master,1550093236000
1469,master,1550093236000
1470,master,1550093236000
1471,master,1550093236000
1472,master,1550093236000
1473,master,1550093236000
1474,master,1550093236000
1475,master,1550093236000
1476,master,1550093236000
1477,master,1550093236000
1478,master,1550093236000
1479,master,1550093236000
1480,master,1550093236000
1481,master,1550093236000
1482,master,1550093236000
1483,master,1550093236000
1484,master,1550093236000
1485,master,1550093236000
1486,master,1550093236000
1487,master,1550093236000
1488,master,1550093236000
1489,master,1550093236000
1490,master,1550093236000
1491,master,1550093236000
1492,master,1550093236000
1493,master,1550093236000
1494,master,1550093236000
1495,master,1550093236000
1496,master,1550093236000
1497,master,1550093236000
1498,master,1550093236000
1499,master,1550093236000
1500,master,1550093236000
1501,master,1550093236000
1502,master,1550093236000
1503,master,1550093236000
1504,master,1550093236000
1505,master,1550093236000
1506,master,1550093236000
1507,master,1550093236000
1508,master,1550093236000
1509,master,1550093236000
1510,master,1550093236000
1511,master,1550093236000
1512,master,1550093236000
1513,master,1550093236000
1514,master,1550093236000
1515,master,1550093236000
1516,master,1550093236000
1517,master,1550093236000
1518,master,1550093236000
1519,master,1550093236000
1520,master,1550093236000
1521,master,1550093236000
1522,master,1550093236000
1523,master,1550093236000
1524,master,1550093236000
1525,master,1550093236000
1526,master,1550093236000
1527,master,1550093236000
1528,master,1550093236000
1529,master,1550093236000
1530,master,1550093236000
1531,master,1550093236000
1532,master,1550093236000
1533,master,1550093236000
1534,master,1550093236000
1535,master,1550093236000
1536,master,1550093236000
1537,master,1550093236000
1538,master,1550093236000
1539,master,1550093236000
1540,master,1550093236000
1541,master,1550093236000
1542,master,1550093236000
1543,master,1550093236000
1544,master,1550093236000
1545,master,1550093236000
1546,master,1550093236000
1547,master,1550093236000
1548,master,1550093236000
1549,master,1550093236000
1550,master,1550093236000
1551,master,1550093236000
1552,master,1550093236000
1553,master,1550093236000
1554,master,1550093236000
1555,master,1550093236000
1556,master,1550093236000
1557,master,1550093236000
1558,master,1550093236000
1559,master,1550093236000
1560,master,1550093236000
1561,master,1550093236000
1562,master,1550093236000
1563,master,1550093236000
1564,master,1550093236000
1565,master,1550093236000
1566,master,1550093236000
1567,master,1550093236000
1568,master,1550093236000
1569,master,1550093236000
1570,master,1550093236000
1571,master,1550093236000
1572,master,1550093236000
1573,master,1550093236000
1574,master,1550093236000
1575,master,1550093236000
1576,master,1550093236000
1577,master,1550093236000
1578,master,1550093236000
1579,master,1550093236000
1580,master,1550093236000
1581,master,1550093236000
1582,master,1550093236000
1583,master,1550093236000
1584,master,1550093236000
1585,master,1550093236000
1586,master,1550093236000
1587,master,1550093236000
1588,master,1550093236000
1589,master,1550093236000
1590,master,1550093236000
1591,master,1550093236000
1592,master,1550093236000
1593,master,1550093236000
1594,master,1550093236000
1595,master,1550093236000
1596,master,1550093236000
1597,master,1550093236000
1598,master,1550093236000
1599,master,1550093236000
1600,master,1550093236000
1601,master,1550093236000
1602,master,1550093236000
1603,master,1550093236000
1604,master,1550093236000
1605,master,1550093236000
1606,master,1550093236000
1607,master,1550093236000
1608,master,1550093236000
1609,master,1550093236000
1610,master,1550093236000
1611,master,1550093236000
1612,master,1550093236000
1613,master,1550093236000
1614,master,1550093236000
1615,master,1550093236000
1616,master,1550093236000
1617,master,1550093236000
1618,master,1550093236000
1619,master,1550093236000
1620,master,1550093236000
1621,master,1550093236000
1622,master,1550093236000
1623,master,1550093236000
1624,master,1550093236000
1625,master,1550093236000
1626,master,1550093236000
1627,master,1550093236000
1628,master,1550093236000
1629,master,1550093236000
1630,master,1550093236000
1631,master,1550093236000
1632,master,1550093236000
1633,master,1550093236000
1634,master,1550093236000
1635,master,1550093236000
1636,master,1550093236000
1637,master,1550093236000
1638,master,1550093236000
1639,master,1550093236000
1640,master,1550093236000
1641,master,1550093236000
1642,master,1550093236000
1643,master,1550093236000
1644,master,1550093236000
1645,master,1550093236000
1646,master,1550093236000
1647,master,1550093236000
1648,master,1550093236000
1649,master,1550093236000
1650,master,1550093236000
1651,master,1550093236000
1652,master,1550093236000
1653,master,1550093236000
1654,master,1550093236000
1655,master,1550093236000
1656,master,1550093236000
1657,master,1550093236000
1658,master,1550093236000
1659,master,1550093236000
1660,master,1550093236000
1661,master,1550093236000
1662,master,1550093236000
1663,master,1550093236000
1664,master,1550093236000
1665,master,1550093236000
1666,master,1550093236000
1667,master,1550093236000
1668,master,1550093236000
1669,master,1550093236000
1670,master,1550093236000
1671,master,1550093236000
1672,master,1550093236000
1673,master,1550093236000
1674,master,1550093236000
1675,master,1550093236000
1676,master,1550093236000
1677,master,1550093236000
1678,master,1550093236000
1679,master,1550093236000
1680,master,1550093236000
1681,master,1550093236000
1682,master,1550093236000
1683,master,1550093236000
1684,master,1550093236000
1685,master,1550093236000
1686,master,1550093236000
1687,master,1550093236000
1688,master,1550093236000
1689,master,1550093236000
1690,master,1550093236000
1691,master,1550093236000
1692,master,1550093236000
1693,master,1550093236000
1694,master,1550093236000
1695,master,1550093236000
1696,master,1550093236000
1697,master,1550093236000
1698,master,1550093236000
1699,master,1550093236000
1700,master,1550093236000
1701,master,1550093236000
1702,master,1550093236000
1703,master,1550093236000
1704,master,1550093236000
1705,master,1550093236000
1706,master,1550093236000
1707,master,1550093236000
1708,master,1550093236000
1709,master,1550093236000
1710,master,1550093236000
1711,master,1550093236000
1712,master,1550093236000
1713,master,1550093236000
1714,master,1550093236000
1715,master,1550093236000
1716,master,1550093236000
1717,master,1550093236000
1718,master,1550093236000
1719,master,1550093236000
1720,master,1550093236000
1721,master,1550093236000
1722,master,1550093236000
1723,master,1550093236000
1724,master,1550093236000
1725,master,1550093236000
1726,master,1550093236000
1727,master,1550093236000
1728,master,1550093236000
1729,master,1550093236000
1730,master,1550093236000
1731,master,1550093236000
1732,master,1550093236000
1733,master,1550093236000
1734,master,1550093236000
1735,master,1550093236000
1736,master,1550093236000
1737,master,1550093236000
1738,master,1550093236000
1739,master,1550093236000
1740,master,1550093236000
1741,master,1550093236000
1742,master,1550093236000
1743,master,1550093236000
1744,master,1550093236000
1745,master,1550093236000
1746,master,1550093236000
1747,master,1550093236000
1748,master,1550093236000
1749,master,1550093236000
1750,master,1550093236000
1751,master,1550093236000
1752,master,1550093236000
1753,master,1550093236000
1754,master,1550093236000
1755,master,1550093236000
1756,master,1550093236000
1757,master,1550093236000
1758,master,1550093236000
1759,master,1550093236000
1760,master,1550093236000
1761,master,1550093236000
1762,master,1550093236000
1763,master,1550093236000
1764,master,1550093236000
1765,master,1550093236000
1766,master,1550093236000
1767,master,1550093236000
1768,master,1550093236000
1769,master,1550093236000
1770,master,1550093236000
1771,master,1550093236000
1772,master,1550093236000
1773,master,1550093236000
1774,master,1550093236000
1775,master,1550093236000
1776,master,1550093236000
1777,master,1550093236000
1778,master,1550093236000
1779,master,1550093236000
1780,master,1550093236000
1781,master,1550093236000
1782,master,1550093236000
1783,master,1550093236000
1784,master,1550093236000
1785,master,1550093236000
1786,master,1550093236000
1787,master,1550093236000
1788,master,1550093236000
1789,master,1550093236000
1790,master,1550093236000
1791,master,1550093236000
1792,master,1550093236000
1793,master,1550093236000
1794,master,1550093236000
1795,master,1550093236000
1796,master,1550093236000
1797,master,1550093236000
1798,master,1550093236000
1799,master,1550093236000
1800,master,1550093236000
1801,master,1550093236000
1802,master,1550093236000
1803,master,1550093236000
1804,master,1550093236000
1805,master,1550093236000
1806,master,1550093236000
1807,master,1550093236000
1808,master,1550093236000
1809,master,1550093236000
1810,master,1550093236000
1811,master,1550093236000
1812,master,1550093236000
1813,master,1550093236000
1814,master,1550093236000
1815,master,1550093236000
1816,master,1550093236000
1817,master,1550093236000
1818,master,1550093236000
1819,master,1550093236000
1820,master,1550093236000
1821,master,1550093236000
1822,master,1550093236000
1823,master,1550093236000
1824,master,1550093236000
1825,master,1550093236000
1826,master,1550093236000
1827,master,1550093236000
1828,master,1550093236000
1829,master,1550093236000
1830,master,1550093236000
1831,master,1550093236000
1832,master,1550093236000
1833,master,1550093236000
1834,master,1550093236000
1835,master,1550093236000
1836,master,1550093236000
1837,master,1550093236000
1838,master,1550093236000
1839,master,1550093236000
1840,master,1550093236000
1841,master,1550093236000
1842,master,1550093236000
1843,master,1550093236000
1844,master,1550093236000
1845,master,1550093236000
1846,master,1550093236000
1847,master,1550093236000
1848,master,1550093236000
1849,master,1550093236000
1850,master,1550093236000
1851,master,1550093236000
1852,master,1550093236000
1853,master,1550093236000
1854,master,1550093236000
1855,master,1550093236000
1856,master,1550093236000
1857,master,1550093236000
1858,master,1550093236000
1859,master,1550093236000
1860,master,1550093236000
1861,master,1550093236000
1862,master,1550093236000
1863,master,1550093236000
1864,master,1550093236000
1865,master,1550093236000
1866,master,1550093236000
1867,master,1550093236000
1868,master,1550093236000
1869,master,1550093236000
1870,master,1550093236000
1871,master,1550093236000
1872,master,1550093236000
1873,master,1550093236000
1874,master,1550093236000
1875,master,1550093236000
1876,master,1550093236000
1877,master,1550093236000
1878,master,1550093236000
1879,master,1550093236000
1880,master,1550093236000
1881,master,1550093236000
1882,master,1550093236000
1883,master,1550093236000
1884,master,1550093236000
1885,master,1550093236000
1886,master,1550093236000
1887,master,1550093236000
1888,master,1550093236000
1889,master,1550093236000
1890,master,1550093236000
1891,master,1550093236000
1892,master,1550093236000
1893,master,1550093236000
1894,master,1550093236000
1895,master,1550093236000
1896,master,1550093236000
1897,master,1550093236000
1898,master,1550093236000
1899,master,1550093236000
1900,master,1550093236000
1901,master,1550093236000
1902,master,1550093236000
1903,master,1550093236000
1904,master,1550093236000
1905,master,1550093236000
1906,master,1550093236000
1907,master,1550093236000
1908,master,1550093236000
1909,master,1550093236000
1910,master,1550093236000
1911,master,1550093236000
1912,master,1550093236000
1913,master,1550093236000
1914,master,1550093236000
1915,master,1550093236000
1916,master,1550093236000
1917,master,1550093236000
1918,master,1550093236000
1919,master,1550093236000
1920,master,1550093236000
1921,master,1550093236000
1922,master,1550093236000
1923,master,1550093236000
1924,master,1550093236000
1925,master,1550093236000
1926,master,1550093236000
1927,master,1550093236000
1928,master,1550093236000
1929,master,1550093236000
1930,master,1550093236000
1931,master,1550093236000
1932,master,1550093236000
1933,master,1550093236000
1934,master,1550093236000
1935,master,1550093236000
1936,master,1550093236000
1937,master,1550093236000
1938,master,1550093236000
1939,master,1550093236000
1940,master,1550093236000
1941,master,1550093236000
1942,master,1550093236000
1943,master,1550093236000
1944,master,1550093236000
1945,master,1550093236000
1946,master,1550093236000
1947,master,1550093236000
1948,master,1550093236000
1949,master,1550093236000
1950,master,1550093236000
1951,master,1550093236000
1952,master,1550093236000
1953,master,1550093236000
1954,master,1550093236000
1955,master,1550093236000
1956,master,1550093236000
1957,master,1550093236000
1958,master,1550093236000
1959,master,1550093236000
1960,master,1550093236000
1961,master,1550093236000
1962,master,1550093236000
1963,master,1550093236000
1964,master,1550093236000
1965,master,1550093236000
1966,master,1550093236000
1967,master,1550093236000
1968,master,1550093236000
1969,master,1550093236000
1970,master,1550093236000
1971,master,1550093236000
1972,master,1550093236000
1973,master,1550093236000
1974,master,1550093236000
1975,master,1550093236000
1976,master,1550093236000
1977,master,1550093236000
1978,master,1550093236000
1979,master,1550093236000
1980,master,1550093236000
1981,master,1550093236000
1982,master,1550093236000
1983,master,1550093236000
1984,master,1550093236000
1985,master,1550093236000
1986,master,1550093236000
1987,master,1550093236000
1988,master,1550093236000
1989,master,1550093236000
1990,master,1550093236000
1991,master,1550093236000
1992,master,1550093236000
1993,master,1550093236000
1994,master,1550093236000
1995,master,1550093236000
1996,master,1550093236000
1997,master,1550093236000
1998,master,1550093236000
1999,master,1550093236000
2000,master,1550093236000
2001,master,1550093236000
2002,master,1550093236000
2003,master,1550093236000
2004,master,1550093236000
2005,master,1550093236000
2006,master,1550093236000
2007,master,1550093236000
2008,master,1550093236000
2009,master,1550093236000
2010,master,1550093236000
2011,master,1550093236000
2012,master,1550093236000
2013,master,1550093236000
2014,master,1550093236000
2015,master,1550093236000
2016,master,1550093236000
2017,master,1550093236000
2018,master,1550093236000
2019,master,1550093236000
2020,master,1550093236000
2021,master,1550093236000
2022,master,1550093236000
2023,master,1550093236000
2024,master,1550093236000
2025,master,1550093236000
2026,master,1550093236000
2027,master,1550093236000
2028,master,1550093236000
2029,master,1550093236000
2030,master,1550093236000
2031,master,1550093236000
2032,master,1550093236000
2033,master,1550093236000
2034,master,1550093236000
2035,master,1550093236000
2036,master,1550093236000
2037,master,1550093236000
2038,master,1550093236000
2039,master,1550093236000
2040,master,1550093236000
2041,master,1550093236000
2042,master,1550093236000
2043,master,1550093236000
2044,master,1550093236000
2045,master,1550093236000
2046,master,1550093236000
2047,master,1550093236000
2048,master,1550093236000
2049,master,1550093236000
2050,master,1550093236000
2051,master,1550093236000
2052,master,1550093236000
2053,master,1550093236000
2054,master,1550093236000
2055,master,1550093236000
2056,master,1550093236000
2057,master,1550093236000
2058,master,1550093236000
2059,master,1550093236000
2060,master,1550093236000
2061,master,1550093236000
2062,master,1550093236000
2063,master,1550093236000
2064,master,1550093236000
2065,master,1550093236000
2066,master,1550093236000
2067,master,1550093236000
2068,master,1550093236000
2069,master,1550093236000
2070,master,1550093236000
2071,master,1550093236000
2072,master,1550093236000
2073,master,1550093236000
2074,master,1550093236000
2075,master,1550093236000
2076,master,1550093236000
2077,master,1550093236000
2078,master,1550093236000
2079,master,1550093236000
2080,master,1550093236000
2081,master,1550093236000
2082,master,1550093236000
2083,master,1550093236000
2084,master,1550093236000
2085,master,1550093236000
2086,master,1550093236000
2087,master,1550093236000
2088,master,1550093236000
2089,master,1550093236000
2090,master,1550093236000
2091,master,1550093236000
2092,master,1550093236000
2093,master,1550093236000
2094,master,1550093236000
2095,master,1550093236000
2096,master,1550093236000
2097,master,1550093236000
2098,master,1550093236000
2099,master,1550093236000
2100,master,1550093236000
2101,master,1550093236000
2102,master,1550093236000
2103,master,1550093236000
2104,master,1550093236000
2105,master,1550093236000
2106,master,1550093236000
2107,master,1550093236000
2108,master,1550093236000
2109,master,1550093236000
2110,master,1550093236000
2111,master,1550093236000
2112,master,1550093236000
2113,master,1550093236000
2114,master,1550093236000
2115,master,1550093236000
2116,master,1550093236000
2117,master,1550093236000
2118,master,1550093236000
2119,master,1550093236000
2120,master,1550093236000
2121,master,1550093236000
2122,master,1550093236000
2123,master,1550093236000
2124,master,1550093236000
2125,master,1550093236000
2126,master,1550093236000
2127,master,1550093236000
2128,master,1550093236000
2129,master,1550093236000
2130,master,1550093236000
2131,master,1550093236000
2132,master,1550093236000
2133,master,1550093236000
2134,master,1550093236000
2135,master,1550093236000
2136,master,1550093236000
2137,master,1550093236000
2138,master,1550093236000
2139,master,1550093236000
2140,master,1550093236000
2141,master,1550093236000
2142,master,1550093236000
2143,master,1550093236000
2144,master,1550093236000
2145,master,1550093236000
2146,master,1550093236000
2147,master,1550093236000
2148,master,1550093236000
2149,master,1550093236000
2150,master,1550093236000
2151,master,1550093236000
2152,master,1550093236000
2153,master,1550093236000
2154,master,1550093236000
2155,master,1550093236000
2156,master,1550093236000
2157,master,1550093236000
2158,master,1550093236000
2159,master,1550093236000
2160,master,1550093236000
2161,master,1550093236000
2162,master,1550093236000
2163,master,1550093236000
2164,master,1550093236000
2165,master,1550093236000
2166,master,1550093236000
2167,master,1550093236000
2168,master,1550093236000
2169,master,1550093236000
2170,master,1550093236000
2171,master,1550093236000
2172,master,1550093236000
2173,master,1550093236000
2174,master,1550093236000
2175,master,1550093236000
2176,master,1550093236000
2177,master,1550093236000
2178,master,1550093236000
2179,master,1550093236000
2180,master,1550093236000
2181,master,1550093236000
2182,master,1550093236000
2183,master,1550093236000
2184,master,1550093236000
2185,master,1550093236000
2186,master,1550093236000
2187,master,1550093236000
2188,master,1550093236000
2189,master,1550093236000
2190,master,1550093236000
2191,master,1550093236000
2192,master,1550093236000
2193,master,1550093236000
2194,master,1550093236000
2195,master,1550093236000
2196,master,1550093236000
2197,master,1550093236000
2198,master,1550093236000
2199,master,1550093236000
2200,master,1550093236000
2201,master,1550093236000
2202,master,1550093236000
2203,master,1550093236000
2204,master,1550093236000
2205,master,1550093236000
2206,master,1550093236000
2207,master,1550093236000
2208,master,1550093236000
2209,master,1550093236000
2210,master,1550093236000
2211,master,1550093236000
2212,master,1550093236000
2213,master,1550093236000
2214,master,1550093236000
2215,master,1550093236000
2216,master,1550093236000
2217,master,1550093236000
2218,master,1550093236000
2219,master,1550093236000
2220,master,1550093236000
2221,master,1550093236000
2222,master,1550093236000
2223,master,1550093236000
2224,master,1550093236000
2225,master,1550093236000
2226,master,1550093236000
2227,master,1550093236000
2228,master,1550093236000
2229,master,1550093236000
2230,master,1550093236000
2231,master,1550093236000
2232,master,1550093236000
2233,master,1550093236000
2234,master,1550093236000
2235,master,1550093236000
2236,master,1550093236000
2237,master,1550093236000
2238,master,1550093236000
2239,master,1550093236000
2240,master,1550093236000
2241,master,1550093236000
2242,master,1550093236000
2243,master,1550093236000
2244,master,1550093236000
2245,master,1550093236000
2246,master,1550093236000
2247,master,1550093236000
2248,master,1550093236000
2249,master,1550093236000
2250,master,1550093236000
2251,master,1550093236000
2252,master,1550093236000
2253,master,1550093236000
2254,master,1550093236000
2255,master,1550093236000
2256,master,1550093236000
2257,master,1550093236000
2258,master,1550093236000
2259,master,1550093236000
2260,master,1550093236000
2261,master,1550093236000
2262,master,1550093236000
2263,master,1550093236000
2264,master,1550093236000
2265,master,1550093236000
2266,master,1550093236000
2267,master,1550093236000
2268,master,1550093236000
2269,master,1550093236000
2270,master,1550093236000
2271,master,1550093236000
2272,master,1550093236000
2273,master,1550093236000
2274,master,1550093236000
2275,master,1550093236000
2276,master,1550093236000
2277,master,1550093236000
2278,master,1550093236000
2279,master,1550093236000
2280,master,1550093236000
2281,master,1550093236000
2282,master,1550093236000
2283,master,1550093236000
2284,master,1550093236000
2285,master,1550093236000
2286,master,1550093236000
2287,master,1550093236000
2288,master,1550093236000
2289,master,1550093236000
2290,master,1550093236000
2291,master,1550093236000
2292,master,1550093236000
2293,master,1550093236000
2294,master,1550093236000
2295,master,1550093236000
2296,master,1550093236000
2297,master,1550093236000
2298,master,1550093236000
2299,master,1550093236000
2300,master,1550093236000
2301,master,1550093236000
2302,master,1550093236000
2303,master,1550093236000
2304,master,1550093236000
2305,master,1550093236000
2306,master,1550093236000
2307,master,1550093236000
2308,master,1550093236000
2309,master,1550093236000
2310,master,1550093236000
2311,master,1550093236000
2312,master,1550093236000
2313,master,1550093236000
2314,master,1550093236000
2315,master,1550093236000
2316,master,1550093236000
2317,master,1550093236000
2318,master,1550093236000
2319,master,1550093236000
2320,master,1550093236000
2321,master,1550093236000
2322,master,1550093236000
2323,master,1550093236000
2324,master,1550093236000
2325,master,1550093236000
2326,master,1550093236000
2327,master,1550093236000
2328,master,1550093236000
2329,master,1550093236000
2330,master,1550093236000
2331,master,1550093236000
2332,master,1550093236000
2333,master,1550093236000
2334,master,1550093236000
2335,master,1550093236000
2336,master,1550093236000
2337,master,1550093236000
2338,master,1550093236000
2339,master,1550093236000
2340,master,1550093236000
2341,master,1550093236000
2342,master,1550093236000
2343,master,1550093236000
2344,master,1550093236000
2345,master,1550093236000
2346,master,1550093236000
2347,master,1550093236000
2348,master,1550093236000
2349,master,1550093236000
2350,master,1550093236000
2351,master,1550093236000
2352,master,1550093236000
2353,master,1550093236000
2354,master,1550093236000
2355,master,1550093236000
2356,master,1550093236000
2357,master,1550093236000
2358,master,1550093236000
2359,master,1550093236000
2360,master,1550093236000
2361,master,1550093236000
2362,master,1550093236000
2363,master,1550093236000
2364,master,1550093236000
2365,master,1550093236000
2366,master,1550093236000
2367,master,1550093236000
2368,master,1550093236000
2369,master,1550093236000
2370,master,1550093236000
2371,master,1550093236000
2372,master,1550093236000
2373,master,1550093236000
2374,master,1550093236000
2375,master,1550093236000
2376,master,1550093236000
2377,master,1550093236000
2378,master,1550093236000
2379,master,1550093236000
2380,master,1550093236000
2381,master,1550093236000
2382,master,1550093236000
2383,master,1550093236000
2384,master,1550093236000
2385,master,1550093236000
2386,master,1550093236000
2387,master,1550093236000
2388,master,1550093236000
2389,master,1550093236000
2390,master,1550093236000
2391,master,1550093236000
2392,master,1550093236000
2393,master,1550093236000
2394,master,1550093236000
2395,master,1550093236000
2396,master,1550093236000
2397,master,1550093236000
2398,master,1550093236000
2399,master,1550093236000
2400,master,1550093236000
2401,master,1550093236000
2402,master,1550093236000
2403,master,1550093236000
2404,master,1550093236000
2405,master,1550093236000
2406,master,1550093236000
2407,master,1550093236000
2408,master,1550093236000
2409,master,1550093236000
2410,master,1550093236000
2411,master,1550093236000
2412,master,1550093236000
2413,master,1550093236000
2414,master,1550093236000
2415,master,1550093236000
2416,master,1550093236000
2417,master,1550093236000
2418,master,1550093236000
2419,master,1550093236000
2420,master,1550093236000
2421,master,1550093236000
2422,master,1550093236000
2423,master,1550093236000
2424,master,1550093236000
2425,master,1550093236000
2426,master,1550093236000
2427,master,1550093236000
2428,master,1550093236000
2429,master,1550093236000
2430,master,1550093236000
2431,master,1550093236000
2432,master,1550093236000
2433,master,1550093236000
2434,master,1550093236000
2435,master,1550093236000
2436,master,1550093236000
2437,master,1550093236000
2438,master,1550093236000
2439,master,1550093236000
2440,master,1550093236000
2441,master,1550093236000
2442,master,1550093236000
2443,master,1550093236000
2444,master,1550093236000
2445,master,1550093236000
2446,master,1550093236000
2447,master,1550093236000
2448,master,1550093236000
2449,master,1550093236000
2450,master,1550093236000
2451,master,1550093236000
2452,master,1550093236000
2453,master,1550093236000
2454,master,1550093236000
2455,master,1550093236000
2456,master,1550093236000
2457,master,1550093236000
2458,master,1550093236000
2459,master,1550093236000
2460,master,1550093236000
2461,master,1550093236000
2462,master,1550093236000
2463,master,1550093236000
2464,master,1550093236000
2465,master,1550093236000
2466,master,1550093236000
2467,master,1550093236000
2468,master,1550093236000
2469,master,1550093236000
2470,master,1550093236000
2471,master,1550093236000
2472,master,1550093236000
2473,master,1550093236000
2474,master,1550093236000
2475,master,1550093236000
2476,master,1550093236000
2477,master,1550093236000
2478,master,1550093236000
2479,master,1550093236000
2480,master,1550093236000
2481,master,1550093236000
2482,master,1550093236000
2483,master,1550093236000
2484,master,1550093236000
2485,master,1550093236000
2486,master,1550093236000
2487,master,1550093236000
2488,master,1550093236000
2489,master,1550093236000
2490,master,1550093236000
2491,master,1550093236000
2492,master,1550093236000
2493,master,1550093236000
2494,master,1550093236000
2495,master,1550093236000
2496,master,1550093236000
2497,master,1550093236000
2498,master,1550093236000
2499,master,1550093236000
2500,master,1550093236000
2501,master,1550093236000
2502,master,1550093236000
2503,master,1550093236000
2504,master,1550093236000
2505,master,1550093236000
2506,master,1550093236000
2507,master,1550093236000
2508,master,1550093236000
2509,master,1550093236000
2510,master,1550093236000
2511,master,1550093236000
2512,master,1550093236000
2513,master,1550093236000
2514,master,1550093236000
2515,master,1550093236000
2516,master,1550093236000
2517,master,1550093236000
2518,master,1550093236000
2519,master,1550093236000
2520,master,1550093236000
2521,master,1550093236000
2522,master,1550093236000
2523,master,1550093236000
2524,master,1550093236000
2525,master,1550093236000
2526,master,1550093236000
2527,master,1550093236000
2528,master,1550093236000
2529,master,1550093236000
2530,master,1550093236000
2531,master,1550093236000
2532,master,1550093236000
2533,master,1550093236000
2534,master,1550093236000
2535,master,1550093236000
2536,master,1550093236000
2537,master,1550093236000
2538,master,1550093236000
2539,master,1550093236000
2540,master,1550093236000
2541,master,1550093236000
2542,master,1550093236000
2543,master,1550093236000
2544,master,1550093236000
2545,master,1550093236000
2546,master,1550093236000
2547,master,1550093236000
2548,master,1550093236000
2549,master,1550093236000
2550,master,1550093236000
2551,master,1550093236000
2552,master,1550093236000
2553,master,1550093236000
2554,master,1550093236000
2555,master,1550093236000
2556,master,1550093236000
2557,master,1550093236000
2558,master,1550093236000
2559,master,1550093236000
2560,master,1550093236000
2561,master,1550093236000
2562,master,1550093236000
2563,master,1550093236000
2564,master,1550093236000
2565,master,1550093236000
2566,master,1550093236000
2567,master,1550093236000
2568,master,1550093236000
2569,master,1550093236000
2570,master,1550093236000
2571,master,1550093236000
2572,master,1550093236000
2573,master,1550093236000
2574,master,1550093236000
2575,master,1550093236000
2576,master,1550093236000
2577,master,1550093236000
2578,master,1550093236000
2579,master,1550093236000
2580,master,1550093236000
2581,master,1550093236000
2582,master,1550093236000
2583,master,1550093236000
2584,master,1550093236000
2585,master,1550093236000
2586,master,1550093236000
2587,master,1550093236000
2588,master,1550093236000
2589,master,1550093236000
2590,master,1550093236000
2591,master,1550093236000
2592,master,1550093236000
2593,master,1550093236000
2594,master,1550093236000
2595,master,1550093236000
2596,master,1550093236000
2597,master,1550093236000
2598,master,1550093236000
2599,master,1550093236000
2600,master,1550093236000
2601,master,1550093236000
2602,master,1550093236000
2603,master,1550093236000
2604,master,1550093236000
2605,master,1550093236000
2606,master,1550093236000
2607,master,1550093236000
2608,master,1550093236000
2609,master,1550093236000
2610,master,1550093236000
2611,master,1550093236000
2612,master,1550093236000
2613,master,1550093236000
2614,master,1550093236000
2615,master,1550093236000
2616,master,1550093236000
2617,master,1550093236000
2618,master,1550093236000
2619,master,1550093236000
2620,master,1550093236000
2621,master,1550093236000
2622,master,1550093236000
2623,master,1550093236000
2624,master,1550093236000
2625,master,1550093236000
2626,master,1550093236000
2627,master,1550093236000
2628,master,1550093236000
2629,master,1550093236000
2630,master,1550093236000
2631,master,1550093236000
2632,master,1550093236000
2633,master,1550093236000
2634,master,1550093236000
2635,master,1550093236000
2636,master,1550093236000
2637,master,1550093236000
2638,master,1550093236000
2639,master,1550093236000
2640,master,1550093236000
2641,master,1550093236000
2642,master,1550093236000
2643,master,1550093236000
2644,master,1550093236000
2645,master,1550093236000
2646,master,1550093236000
2647,master,1550093236000
2648,master,1550093236000
2649,master,1550093236000
2650,master,1550093236000
2651,master,1550093236000
2652,master,1550093236000
2653,master,1550093236000
2654,master,1550093236000
2655,master,1550093236000
2656,master,1550093236000
2657,master,1550093236000
2658,master,1550093236000
2659,master,1550093236000
2660,master,1550093236000
2661,master,1550093236000
2662,master,1550093236000
2663,master,1550093236000
2664,master,1550093236000
2665,master,1550093236000
2666,master,1550093236000
2667,master,1550093236000
2668,master,1550093236000
2669,master,1550093236000
2670,master,1550093236000
2671,master,1550093236000
2672,master,1550093236000
2673,master,1550093236000
2674,master,1550093236000
2675,master,1550093236000
2676,master,1550093236000
2677,master,1550093236000
2678,master,1550093236000
2679,master,1550093236000
2680,master,1550093236000
2681,master,1550093236000
2682,master,1550093236000
2683,master,1550093236000
2684,master,1550093236000
2685,master,1550093236000
2686,master,1550093236000
2687,master,1550093236000
2688,master,1550093236000
2689,master,1550093236000
2690,master,1550093236000
2691,master,1550093236000
2692,master,1550093236000
2693,master,1550093236000
2694,master,1550093236000
2695,master,1550093236000
2696,master,1550093236000
2697,master,1550093236000
2698,master,1550093236000
2699,master,1550093236000
2700,master,1550093236000
2701,master,1550093236000
2702,master,1550093236000
2703,master,1550093236000
2704,master,1550093236000
2705,master,1550093236000
2706,master,1550093236000
2707,master,1550093236000
2708,master,1550093236000
2709,master,1550093236000
2710,master,1550093236000
2711,master,1550093236000
2712,master,1550093236000
2713,master,1550093236000
2714,master,1550093236000
2715,master,1550093236000
2716,master,1550093236000
2717,master,1550093236000
2718,master,1550093236000
2719,master,1550093236000
2720,master,1550093236000
2721,master,1550093236000
2722,master,1550093236000
2723,master,1550093236000
2724,master,1550093236000
2725,master,1550093236000
2726,master,1550093236000
2727,master,1550093236000
2728,master,1550093236000
2729,master,1550093236000
2730,master,1550093236000
2731,master,1550093236000
2732,master,1550093236000
2733,master,1550093236000
2734,master,1550093236000
2735,master,1550093236000
2736,master,1550093236000
2737,master,1550093236000
2738,master,1550093236000
2739,master,1550093236000
2740,master,1550093236000
2741,master,1550093236000
2742,master,1550093236000
2743,master,1550093236000
2744,master,1550093236000
2745,master,1550093236000
2746,master,1550093236000
2747,master,1550093236000
2748,master,1550093236000
2749,master,1550093236000
2750,master,1550093236000
2751,master,1550093236000
2752,master,1550093236000
2753,master,1550093236000
2754,master,1550093236000
2755,master,1550093236000
2756,master,1550093236000
2757,master,1550093236000
2758,master,1550093236000
2759,master,1550093236000
2760,master,1550093236000
2761,master,1550093236000
2762,master,1550093236000
2763,master,1550093236000
2764,master,1550093236000
2765,master,1550093236000
2766,master,1550093236000
2767,master,1550093236000
2768,master,1550093236000
2769,master,1550093236000
2770,master,1550093236000
2771,master,1550093236000
2772,master,1550093236000
2773,master,1550093236000
2774,master,1550093236000
2775,master,1550093236000
2776,master,1550093236000
2777,master,1550093236000
2778,master,1550093236000
2779,master,1550093236000
2780,master,1550093236000
2781,master,1550093236000
2782,master,1550093236000
2783,master,1550093236000
2784,master,1550093236000
2785,master,1550093236000
2786,master,1550093236000
2787,master,1550093236000
2788,master,1550093236000
2789,master,1550093236000
2790,master,1550093236000
2791,master,1550093236000
2792,master,1550093236000
2793,master,1550093236000
2794,master,1550093236000
2795,master,1550093236000
2796,master,1550093236000
2797,master,1550093236000
2798,master,1550093236000
2799,master,1550093236000
2800,master,1550093236000
2801,master,1550093236000
2802,master,1550093236000
2803,master,1550093236000
2804,master,1550093236000
2805,master,1550093236000
2806,master,1550093236000
2807,master,1550093236000
2808,master,1550093236000
2809,master,1550093236000
2810,master,1550093236000
2811,master,1550093236000
2812,master,1550093236000
2813,master,1550093236000
2814,master,1550093236000
2815,master,1550093236000
2816,master,1550093236000
2817,master,1550093236000
2818,master,1550093236000
2819,master,1550093236000
2820,master,1550093236000
2821,master,1550093236000
2822,master,1550093236000
2823,master,1550093236000
2824,master,1550093236000
2825,master,1550093236000
2826,master,1550093236000
2827,master,1550093236000
2828,master,1550093236000
2829,master,1550093236000
2830,master,1550093236000
2831,master,1550093236000
2832,master,1550093236000
2833,master,1550093236000
2834,master,1550093236000
2835,master,1550093236000
2836,master,1550093236000
2837,master,1550093236000
2838,master,1550093236000
2839,master,1550093236000
2840,master,1550093236000
2841,master,1550093236000
2842,master,1550093236000
2843,master,1550093236000
2844,master,1550093236000
2845,master,1550093236000
2846,master,1550093236000
2847,master,1550093236000
2848,master,1550093236000
2849,master,1550093236000
2850,master,1550093236000
2851,master,1550093236000
2852,master,1550093236000
2853,master,1550093236000
2854,master,1550093236000
2855,master,1550093236000
2856,master,1550093236000
2857,master,1550093236000
2858,master,1550093236000
2859,master,1550093236000
2860,master,1550093236000
2861,master,1550093236000
2862,master,1550093236000
2863,master,1550093236000
2864,master,1550093236000
2865,master,1550093236000
2866,master,1550093236000
2867,master,1550093236000
2868,master,1550093236000
2869,master,1550093236000
2870,master,1550093236000
2871,master,1550093236000
2872,master,1550093236000
2873,master,1550093236000
2874,master,1550093236000
2875,master,1550093236000
2876,master,1550093236000
2877,master,1550093236000
2878,master,1550093236000
2879,master,1550093236000
2880,master,1550093236000
2881,master,1550093236000
2882,master,1550093236000
2883,master,1550093236000
2884,master,1550093236000
2885,master,1550093236000
2886,master,1550093236000
2887,master,1550093236000
2888,master,1550093236000
2889,master,1550093236000
2890,master,1550093236000
2891,master,1550093236000
2892,master,1550093236000
2893,master,1550093236000
2894,master,1550093236000
2895,master,1550093236000
2896,master,1550093236000
2897,master,1550093236000
2898,master,1550093236000
2899,master,1550093236000
2900,master,1550093236000
2901,master,1550093236000
2902,master,1550093236000
2903,master,1550093236000
2904,master,1550093236000
2905,master,1550093236000
2906,master,1550093236000
2907,master,1550093236000
2908,master,1550093236000
2909,master,1550093236000
2910,master,1550093236000
2911,master,1550093236000
2912,master,1550093236000
2913,master,1550093236000
2914,master,1550093236000
2915,master,1550093236000
2916,master,1550093236000
2917,master,1550093236000
2918,master,1550093236000
2919,master,1550093236000
2920,master,1550093236000
2921,master,1550093236000
2922,master,1550093236000
2923,master,1550093236000
2924,master,1550093236000
2925,master,1550093236000
2926,master,1550093236000
2927,master,1550093236000
2928,master,1550093236000
2929,master,1550093236000
2930,master,1550093236000
2931,master,1550093236000
2932,master,1550093236000
2933,master,1550093236000
2934,master,1550093236000
2935,master,1550093236000
2936,master,1550093236000
2937,master,1550093236000
2938,master,1550093236000
2939,master,1550093236000
2940,master,1550093236000
2941,master,1550093236000
2942,master,1550093236000
2943,master,1550093236000
2944,master,1550093236000
2945,master,1550093236000
2946,master,1550093236000
2947,master,1550093236000
2948,master,1550093236000
2949,master,1550093236000
2950,master,1550093236000
2951,master,1550093236000
2952,master,1550093236000
2953,master,1550093236000
2954,master,1550093236000
2955,master,1550093236000
2956,master,1550093236000
2957,master,1550093236000
2958,master,1550093236000
2959,master,1550093236000
2960,master,1550093236000
2961,master,1550093236000
2962,master,1550093236000
2963,master,1550093236000
2964,master,1550093236000
2965,master,1550093236000
2966,master,1550093236000
2967,master,1550093236000
2968,master,1550093236000
2969,master,1550093236000
2970,master,1550093236000
2971,master,1550093236000
2972,master,1550093236000
2973,master,1550093236000
2974,master,1550093236000
2975,master,1550093236000
2976,master,1550093236000
2977,master,1550093236000
2978,master,1550093236000
2979,master,1550093236000
2980,master,1550093236000
2981,master,1550093236000
2982,master,1550093236000
2983,master,1550093236000
2984,master,1550093236000
2985,master,1550093236000
2986,master,1550093236000
2987,master,1550093236000
2988,master,1550093236000
2989,master,1550093236000
2990,master,1550093236000
2991,master,1550093236000
2992,master,1550093236000
2993,master,1550093236000
2994,master,1550093236000
2995,master,1550093236000
2996,master,1550093236000
2997,master,1550093236000
2998,master,1550093236000
2999,master,1550093236000
3000,master,1550093236000
3001,master,1550093236000
3002,master,1550093236000
3003,master,1550093236000
3004,master,1550093236000
3005,master,1550093236000
3006,master,1550093236000
3007,master,1550093236000
3008,master,1550093236000
3009,master,1550093236000
3010,master,1550093236000
3011,master,1550093236000
3012,master,1550093236000
3013,master,1550093236000
3014,master,1550093236000
3015,master,1550093236000
3016,master,1550093236000
3017,master,1550093236000
3018,master,1550093236000
3019,master,1550093236000
3020,master,1550093236000
3021,master,1550093236000
3022,master,1550093236000
3023,master,1550093236000
3024,master,1550093236000
3025,master,1550093236000
3026,master,1550093236000
3027,master,1550093236000
3028,master,1550093236000
3029,master,1550093236000
3030,master,1550093236000
3031,master,1550093236000
3032,master,1550093236000
3033,master,1550093236000
3034,master,1550093236000
3035,master,1550093236000
3036,master,1550093236000
3037,master,1550093236000
3038,master,1550093236000
3039,master,1550093236000
3040,master,1550093236000
3041,master,1550093236000
3042,master,1550093236000
3043,master,1550093236000
3044,master,1550093236000
3045,master,1550093236000
3046,master,1550093236000
3047,master,1550093236000
3048,master,1550093236000
3049,master,1550093236000
3050,master,1550093236000
3051,master,1550093236000
3052,master,1550093236000
3053,master,1550093236000
3054,master,1550093236000
3055,master,1550093236000
3056,master,1550093236000
3057,master,1550093236000
3058,master,1550093236000
3059,master,1550093236000
3060,master,1550093236000
3061,master,1550093236000
3062,master,1550093236000
3063,master,1550093236000
3064,master,1550093236000
3065,master,1550093236000
3066,master,1550093236000
3067,master,1550093236000
3068,master,1550093236000
3069,master,1550093236000
3070,master,1550093236000
3071,master,1550093236000
3072,master,1550093236000
3073,master,1550093236000
3074,master,1550093236000
3075,master,1550093236000
3076,master,1550093236000
3077,master,1550093236000
3078,master,1550093236000
3079,master,1550093236000
3080,master,1550093236000
3081,master,1550093236000
3082,master,1550093236000
3083,master,1550093236000
3084,master,1550093236000
3085,master,1550093236000
3086,master,1550093236000
3087,master,1550093236000
3088,master,1550093236000
3089,master,1550093236000
3090,master,1550093236000
3091,master,1550093236000
3092,master,1550093236000
3093,master,1550093236000
3094,master,1550093236000
3095,master,1550093236000
3096,master,1550093236000
3097,master,1550093236000
3098,master,1550093236000
3099,master,1550093236000
3100,master,1550093236000
3101,master,1550093236000
3102,master,1550093236000
3103,master,1550093236000
3104,master,1550093236000
3105,master,1550093236000
3106,master,1550093236000
3107,master,1550093236000
3108,master,1550093236000
3109,master,1550093236000
3110,master,1550093236000
3111,master,1550093236000
3112,master,1550093236000
3113,master,1550093236000
3114,master,1550093236000
3115,master,1550093236000
3116,master,1550093236000
3117,master,1550093236000
3118,master,1550093236000
3119,master,1550093236000
3120,master,1550093236000
3121,master,1550093236000
3122,master,1550093236000
3123,master,1550093236000
3124,master,1550093236000
3125,master,1550093236000
3126,master,1550093236000
3127,master,1550093236000
3128,master,1550093236000
3129,master,1550093236000
3130,master,1550093236000
3131,master,1550093236000
3132,master,1550093236000
3133,master,1550093236000
3134,master,1550093236000
3135,master,1550093236000
3136,master,1550093236000
3137,master,1550093236000
3138,master,1550093236000
3139,master,1550093236000
3140,master,1550093236000
3141,master,1550093236000
3142,master,1550093236000
3143,master,1550093236000
3144,master,1550093236000
3145,master,1550093236000
3146,master,1550093236000
3147,master,1550093236000
3148,master,1550093236000
3149,master,1550093236000
3150,master,1550093236000
3151,master,1550093236000
3152,master,1550093236000
3153,master,1550093236000
3154,master,1550093236000
3155,master,1550093236000
3156,master,1550093236000
3157,master,1550093236000
3158,master,1550093236000
3159,master,1550093236000
3160,master,1550093236000
3161,master,1550093236000
3162,master,1550093236000
3163,master,1550093236000
3164,master,1550093236000
3165,master,1550093236000
3166,master,1550093236000
3167,master,1550093236000
3168,master,1550093236000
3169,master,1550093236000
3170,master,1550093236000
3171,master,1550093236000
3172,master,1550093236000
3173,master,1550093236000
3174,master,1550093236000
3175,master,1550093236000
3176,master,1550093236000
3177,master,1550093236000
3178,master,1550093236000
3179,master,1550093236000
3180,master,1550093236000
3181,master,1550093236000
3182,master,1550093236000
3183,master,1550093236000
3184,master,1550093236000
3185,master,1550093236000
3186,master,1550093236000
3187,master,1550093236000
3188,master,1550093236000
3189,master,1550093236000
3190,master,1550093236000
3191,master,1550093236000
3192,master,1550093236000
3193,master,1550093236000
3194,master,1550093236000
3195,master,1550093236000
3196,master,1550093236000
3197,master,1550093236000
3198,master,1550093236000
3199,master,1550093236000
3200,master,1550093236000
3201,master,1550093236000
3202,master,1550093236000
3203,master,1550093236000
3204,master,1550093236000
3205,master,1550093236000
3206,master,1550093236000
3207,master,1550093236000
3208,master,1550093236000
3209,master,1550093236000
3210,master,1550093236000
3211,master,1550093236000
3212,master,1550093236000
3213,master,1550093236000
3214,master,1550093236000
3215,master,1550093236000
3216,master,1550093236000
3217,master,1550093236000
3218,master,1550093236000
3219,master,1550093236000
3220,master,1550093236000
3221,master,1550093236000
3222,master,1550093236000
3223,master,1550093236000
3224,master,1550093236000
3225,master,1550093236000
3226,master,1550093236000
3227,master,1550093236000
3228,master,1550093236000
3229,master,1550093236000
3230,master,1550093236000
3231,master,1550093236000
3232,master,1550093236000
3233,master,1550093236000
3234,master,1550093236000
3235,master,1550093236000
3236,master,1550093236000
3237,master,1550093236000
3238,master,1550093236000
3239,master,1550093236000
3240,master,1550093236000
