41,1,master,1550093236000
41,2,master,1550093236000
41,3,master,1550093236000
41,4,master,1550093236000
42,5,master,1550093236000
42,6,master,1550093236000
42,7,master,1550093236000
42,8,master,1550093236000
43,9,master,1550093236000
43,10,master,1550093236000
43,11,master,1550093236000
43,12,master,1550093236000
44,13,master,1550093236000
44,14,master,1550093236000
44,15,master,1550093236000
44,16,master,1550093236000
45,17,master,1550093236000
45,18,master,1550093236000
45,19,master,1550093236000
45,20,master,1550093236000
46,21,master,1550093236000
46,22,master,1550093236000
46,23,master,1550093236000
46,24,master,1550093236000
47,25,master,1550093236000
47,26,master,1550093236000
47,27,master,1550093236000
47,28,master,1550093236000
48,29,master,1550093236000
48,30,master,1550093236000
48,31,master,1550093236000
48,32,master,1550093236000
49,33,master,1550093236000
49,34,master,1550093236000
49,35,master,1550093236000
49,36,master,1550093236000
50,37,master,1550093236000
50,38,master,1550093236000
50,39,master,1550093236000
50,40,master,1550093236000
51,41,master,1550093236000
51,42,master,1550093236000
51,43,master,1550093236000
51,44,master,1550093236000
52,45,master,1550093236000
52,46,master,1550093236000
52,47,master,1550093236000
52,48,master,1550093236000
53,49,master,1550093236000
53,50,master,1550093236000
53,51,master,1550093236000
53,52,master,1550093236000
54,53,master,1550093236000
54,54,master,1550093236000
54,55,master,1550093236000
54,56,master,1550093236000
55,57,master,1550093236000
55,58,master,1550093236000
55,59,master,1550093236000
55,60,master,1550093236000
56,61,master,1550093236000
56,62,master,1550093236000
56,63,master,1550093236000
56,64,master,1550093236000
57,65,master,1550093236000
57,66,master,1550093236000
57,67,master,1550093236000
57,68,master,1550093236000
58,69,master,1550093236000
58,70,master,1550093236000
58,71,master,1550093236000
58,72,master,1550093236000
59,73,master,1550093236000
59,74,master,1550093236000
59,75,master,1550093236000
59,76,master,1550093236000
60,77,master,1550093236000
60,78,master,1550093236000
60,79,master,1550093236000
60,80,master,1550093236000
61,81,master,1550093236000
61,82,master,1550093236000
61,83,master,1550093236000
61,84,master,1550093236000
62,85,master,1550093236000
62,86,master,1550093236000
62,87,master,1550093236000
62,88,master,1550093236000
63,89,master,1550093236000
63,90,master,1550093236000
63,91,master,1550093236000
63,92,master,1550093236000
64,93,master,1550093236000
64,94,master,1550093236000
64,95,master,1550093236000
64,96,master,1550093236000
65,97,master,1550093236000
65,98,master,1550093236000
65,99,master,1550093236000
65,100,master,1550093236000
66,101,master,1550093236000
66,102,master,1550093236000
66,103,master,1550093236000
66,104,master,1550093236000
67,105,master,1550093236000
67,106,master,1550093236000
67,107,master,1550093236000
67,108,master,1550093236000
68,109,master,1550093236000
68,110,master,1550093236000
68,111,master,1550093236000
68,112,master,1550093236000
69,113,master,1550093236000
69,114,master,1550093236000
69,115,master,1550093236000
69,116,master,1550093236000
70,117,master,1550093236000
70,118,master,1550093236000
70,119,master,1550093236000
70,120,master,1550093236000
71,121,master,1550093236000
71,122,master,1550093236000
71,123,master,1550093236000
71,124,master,1550093236000
72,125,master,1550093236000
72,126,master,1550093236000
72,127,master,1550093236000
72,128,master,1550093236000
73,129,master,1550093236000
73,130,master,1550093236000
73,131,master,1550093236000
73,132,master,1550093236000
74,133,master,1550093236000
74,134,master,1550093236000
74,135,master,1550093236000
74,136,master,1550093236000
75,137,master,1550093236000
75,138,master,1550093236000
75,139,master,1550093236000
75,140,master,1550093236000
76,141,master,1550093236000
76,142,master,1550093236000
76,143,master,1550093236000
76,144,master,1550093236000
77,145,master,1550093236000
77,146,master,1550093236000
77,147,master,1550093236000
77,148,master,1550093236000
78,149,master,1550093236000
78,150,master,1550093236000
78,151,master,1550093236000
78,152,master,1550093236000
79,153,master,1550093236000
79,154,master,1550093236000
79,155,master,1550093236000
79,156,master,1550093236000
80,157,master,1550093236000
80,158,master,1550093236000
80,159,master,1550093236000
80,160,master,1550093236000
81,161,master,1550093236000
81,162,master,1550093236000
81,163,master,1550093236000
81,164,master,1550093236000
82,165,master,1550093236000
82,166,master,1550093236000
82,167,master,1550093236000
82,168,master,1550093236000
83,169,master,1550093236000
83,170,master,1550093236000
83,171,master,1550093236000
83,172,master,1550093236000
84,173,master,1550093236000
84,174,master,1550093236000
84,175,master,1550093236000
84,176,master,1550093236000
85,177,master,1550093236000
85,178,master,1550093236000
85,179,master,1550093236000
85,180,master,1550093236000
86,181,master,1550093236000
86,182,master,1550093236000
86,183,master,1550093236000
86,184,master,1550093236000
87,185,master,1550093236000
87,186,master,1550093236000
87,187,master,1550093236000
87,188,master,1550093236000
88,189,master,1550093236000
88,190,master,1550093236000
88,191,master,1550093236000
88,192,master,1550093236000
89,193,master,1550093236000
89,194,master,1550093236000
89,195,master,1550093236000
89,196,master,1550093236000
90,197,master,1550093236000
90,198,master,1550093236000
90,199,master,1550093236000
90,200,master,1550093236000
91,201,master,1550093236000
91,202,master,1550093236000
91,203,master,1550093236000
91,204,master,1550093236000
92,205,master,1550093236000
92,206,master,1550093236000
92,207,master,1550093236000
92,208,master,1550093236000
93,209,master,1550093236000
93,210,master,1550093236000
93,211,master,1550093236000
93,212,master,1550093236000
94,213,master,1550093236000
94,214,master,1550093236000
94,215,master,1550093236000
94,216,master,1550093236000
95,217,master,1550093236000
95,218,master,1550093236000
95,219,master,1550093236000
95,220,master,1550093236000
96,221,master,1550093236000
96,222,master,1550093236000
96,223,master,1550093236000
96,224,master,1550093236000
97,225,master,1550093236000
97,226,master,1550093236000
97,227,master,1550093236000
97,228,master,1550093236000
98,229,master,1550093236000
98,230,master,1550093236000
98,231,master,1550093236000
98,232,master,1550093236000
99,233,master,1550093236000
99,234,master,1550093236000
99,235,master,1550093236000
99,236,master,1550093236000
100,237,master,1550093236000
100,238,master,1550093236000
100,239,master,1550093236000
100,240,master,1550093236000
101,241,master,1550093236000
101,242,master,1550093236000
101,243,master,1550093236000
101,244,master,1550093236000
102,245,master,1550093236000
102,246,master,1550093236000
102,247,master,1550093236000
102,248,master,1550093236000
103,249,master,1550093236000
103,250,master,1550093236000
103,251,master,1550093236000
103,252,master,1550093236000
104,253,master,1550093236000
104,254,master,1550093236000
104,255,master,1550093236000
104,256,master,1550093236000
105,257,master,1550093236000
105,258,master,1550093236000
105,259,master,1550093236000
105,260,master,1550093236000
106,261,master,1550093236000
106,262,master,1550093236000
106,263,master,1550093236000
106,264,master,1550093236000
107,265,master,1550093236000
107,266,master,1550093236000
107,267,master,1550093236000
107,268,master,1550093236000
108,269,master,1550093236000
108,270,master,1550093236000
108,271,master,1550093236000
108,272,master,1550093236000
109,273,master,1550093236000
109,274,master,1550093236000
109,275,master,1550093236000
109,276,master,1550093236000
110,277,master,1550093236000
110,278,master,1550093236000
110,279,master,1550093236000
110,280,master,1550093236000
111,281,master,1550093236000
111,282,master,1550093236000
111,283,master,1550093236000
111,284,master,1550093236000
112,285,master,1550093236000
112,286,master,1550093236000
112,287,master,1550093236000
112,288,master,1550093236000
113,289,master,1550093236000
113,290,master,1550093236000
113,291,master,1550093236000
113,292,master,1550093236000
114,293,master,1550093236000
114,294,master,1550093236000
114,295,master,1550093236000
114,296,master,1550093236000
115,297,master,1550093236000
115,298,master,1550093236000
115,299,master,1550093236000
115,300,master,1550093236000
116,301,master,1550093236000
116,302,master,1550093236000
116,303,master,1550093236000
116,304,master,1550093236000
117,305,master,1550093236000
117,306,master,1550093236000
117,307,master,1550093236000
117,308,master,1550093236000
118,309,master,1550093236000
118,310,master,1550093236000
118,311,master,1550093236000
118,312,master,1550093236000
119,313,master,1550093236000
119,314,master,1550093236000
119,315,master,1550093236000
119,316,master,1550093236000
120,317,master,1550093236000
120,318,master,1550093236000
120,319,master,1550093236000
120,320,master,1550093236000
121,321,master,1550093236000
121,322,master,1550093236000
121,323,master,1550093236000
121,324,master,1550093236000
162,325,master,1550093236000
162,326,master,1550093236000
162,327,master,1550093236000
162,328,master,1550093236000
163,329,master,1550093236000
163,330,master,1550093236000
163,331,master,1550093236000
163,332,master,1550093236000
164,333,master,1550093236000
164,334,master,1550093236000
164,335,master,1550093236000
164,336,master,1550093236000
165,337,master,1550093236000
165,338,master,1550093236000
165,339,master,1550093236000
165,340,master,1550093236000
166,341,master,1550093236000
166,342,master,1550093236000
166,343,master,1550093236000
166,344,master,1550093236000
167,345,master,1550093236000
167,346,master,1550093236000
167,347,master,1550093236000
167,348,master,1550093236000
168,349,master,1550093236000
168,350,master,1550093236000
168,351,master,1550093236000
168,352,master,1550093236000
169,353,master,1550093236000
169,354,master,1550093236000
169,355,master,1550093236000
169,356,master,1550093236000
170,357,master,1550093236000
170,358,master,1550093236000
170,359,master,1550093236000
170,360,master,1550093236000
171,361,master,1550093236000
171,362,master,1550093236000
171,363,master,1550093236000
171,364,master,1550093236000
172,365,master,1550093236000
172,366,master,1550093236000
172,367,master,1550093236000
172,368,master,1550093236000
173,369,master,1550093236000
173,370,master,1550093236000
173,371,master,1550093236000
173,372,master,1550093236000
174,373,master,1550093236000
174,374,master,1550093236000
174,375,master,1550093236000
174,376,master,1550093236000
175,377,master,1550093236000
175,378,master,1550093236000
175,379,master,1550093236000
175,380,master,1550093236000
176,381,master,1550093236000
176,382,master,1550093236000
176,383,master,1550093236000
176,384,master,1550093236000
177,385,master,1550093236000
177,386,master,1550093236000
177,387,master,1550093236000
177,388,master,1550093236000
178,389,master,1550093236000
178,390,master,1550093236000
178,391,master,1550093236000
178,392,master,1550093236000
179,393,master,1550093236000
179,394,master,1550093236000
179,395,master,1550093236000
179,396,master,1550093236000
180,397,master,1550093236000
180,398,master,1550093236000
180,399,master,1550093236000
180,400,master,1550093236000
181,401,master,1550093236000
181,402,master,1550093236000
181,403,master,1550093236000
181,404,master,1550093236000
182,405,master,1550093236000
182,406,master,1550093236000
182,407,master,1550093236000
182,408,master,1550093236000
183,409,master,1550093236000
183,410,master,1550093236000
183,411,master,1550093236000
183,412,master,1550093236000
184,413,master,1550093236000
184,414,master,1550093236000
184,415,master,1550093236000
184,416,master,1550093236000
185,417,master,1550093236000
185,418,master,1550093236000
185,419,master,1550093236000
185,420,master,1550093236000
186,421,master,1550093236000
186,422,master,1550093236000
186,423,master,1550093236000
186,424,master,1550093236000
187,425,master,1550093236000
187,426,master,1550093236000
187,427,master,1550093236000
187,428,master,1550093236000
188,429,master,1550093236000
188,430,master,1550093236000
188,431,master,1550093236000
188,432,master,1550093236000
189,433,master,1550093236000
189,434,master,1550093236000
189,435,master,1550093236000
189,436,master,1550093236000
190,437,master,1550093236000
190,438,master,1550093236000
190,439,master,1550093236000
190,440,master,1550093236000
191,441,master,1550093236000
191,442,master,1550093236000
191,443,master,1550093236000
191,444,master,1550093236000
192,445,master,1550093236000
192,446,master,1550093236000
192,447,master,1550093236000
192,448,master,1550093236000
193,449,master,1550093236000
193,450,master,1550093236000
193,451,master,1550093236000
193,452,master,1550093236000
194,453,master,1550093236000
194,454,master,1550093236000
194,455,master,1550093236000
194,456,master,1550093236000
195,457,master,1550093236000
195,458,master,1550093236000
195,459,master,1550093236000
195,460,master,1550093236000
196,461,master,1550093236000
196,462,master,1550093236000
196,463,master,1550093236000
196,464,master,1550093236000
197,465,master,1550093236000
197,466,master,1550093236000
197,467,master,1550093236000
197,468,master,1550093236000
198,469,master,1550093236000
198,470,master,1550093236000
198,471,master,1550093236000
198,472,master,1550093236000
199,473,master,1550093236000
199,474,master,1550093236000
199,475,master,1550093236000
199,476,master,1550093236000
200,477,master,1550093236000
200,478,master,1550093236000
200,479,master,1550093236000
200,480,master,1550093236000
201,481,master,1550093236000
201,482,master,1550093236000
201,483,master,1550093236000
201,484,master,1550093236000
202,485,master,1550093236000
202,486,master,1550093236000
202,487,master,1550093236000
202,488,master,1550093236000
203,489,master,1550093236000
203,490,master,1550093236000
203,491,master,1550093236000
203,492,master,1550093236000
204,493,master,1550093236000
204,494,master,1550093236000
204,495,master,1550093236000
204,496,master,1550093236000
205,497,master,1550093236000
205,498,master,1550093236000
205,499,master,1550093236000
205,500,master,1550093236000
206,501,master,1550093236000
206,502,master,1550093236000
206,503,master,1550093236000
206,504,master,1550093236000
207,505,master,1550093236000
207,506,master,1550093236000
207,507,master,1550093236000
207,508,master,1550093236000
208,509,master,1550093236000
208,510,master,1550093236000
208,511,master,1550093236000
208,512,master,1550093236000
209,513,master,1550093236000
209,514,master,1550093236000
209,515,master,1550093236000
209,516,master,1550093236000
210,517,master,1550093236000
210,518,master,1550093236000
210,519,master,1550093236000
210,520,master,1550093236000
211,521,master,1550093236000
211,522,master,1550093236000
211,523,master,1550093236000
211,524,master,1550093236000
212,525,master,1550093236000
212,526,master,1550093236000
212,527,master,1550093236000
212,528,master,1550093236000
213,529,master,1550093236000
213,530,master,1550093236000
213,531,master,1550093236000
213,532,master,1550093236000
214,533,master,1550093236000
214,534,master,1550093236000
214,535,master,1550093236000
214,536,master,1550093236000
215,537,master,1550093236000
215,538,master,1550093236000
215,539,master,1550093236000
215,540,master,1550093236000
216,541,master,1550093236000
216,542,master,1550093236000
216,543,master,1550093236000
216,544,master,1550093236000
217,545,master,1550093236000
217,546,master,1550093236000
217,547,master,1550093236000
217,548,master,1550093236000
218,549,master,1550093236000
218,550,master,1550093236000
218,551,master,1550093236000
218,552,master,1550093236000
219,553,master,1550093236000
219,554,master,1550093236000
219,555,master,1550093236000
219,556,master,1550093236000
220,557,master,1550093236000
220,558,master,1550093236000
220,559,master,1550093236000
220,560,master,1550093236000
221,561,master,1550093236000
221,562,master,1550093236000
221,563,master,1550093236000
221,564,master,1550093236000
222,565,master,1550093236000
222,566,master,1550093236000
222,567,master,1550093236000
222,568,master,1550093236000
223,569,master,1550093236000
223,570,master,1550093236000
223,571,master,1550093236000
223,572,master,1550093236000
224,573,master,1550093236000
224,574,master,1550093236000
224,575,master,1550093236000
224,576,master,1550093236000
225,577,master,1550093236000
225,578,master,1550093236000
225,579,master,1550093236000
225,580,master,1550093236000
226,581,master,1550093236000
226,582,master,1550093236000
226,583,master,1550093236000
226,584,master,1550093236000
227,585,master,1550093236000
227,586,master,1550093236000
227,587,master,1550093236000
227,588,master,1550093236000
228,589,master,1550093236000
228,590,master,1550093236000
228,591,master,1550093236000
228,592,master,1550093236000
229,593,master,1550093236000
229,594,master,1550093236000
229,595,master,1550093236000
229,596,master,1550093236000
230,597,master,1550093236000
230,598,master,1550093236000
230,599,master,1550093236000
230,600,master,1550093236000
231,601,master,1550093236000
231,602,master,1550093236000
231,603,master,1550093236000
231,604,master,1550093236000
232,605,master,1550093236000
232,606,master,1550093236000
232,607,master,1550093236000
232,608,master,1550093236000
233,609,master,1550093236000
233,610,master,1550093236000
233,611,master,1550093236000
233,612,master,1550093236000
234,613,master,1550093236000
234,614,master,1550093236000
234,615,master,1550093236000
234,616,master,1550093236000
235,617,master,1550093236000
235,618,master,1550093236000
235,619,master,1550093236000
235,620,master,1550093236000
236,621,master,1550093236000
236,622,master,1550093236000
236,623,master,1550093236000
236,624,master,1550093236000
237,625,master,1550093236000
237,626,master,1550093236000
237,627,master,1550093236000
237,628,master,1550093236000
238,629,master,1550093236000
238,630,master,1550093236000
238,631,master,1550093236000
238,632,master,1550093236000
239,633,master,1550093236000
239,634,master,1550093236000
239,635,master,1550093236000
239,636,master,1550093236000
240,637,master,1550093236000
240,638,master,1550093236000
240,639,master,1550093236000
240,640,master,1550093236000
241,641,master,1550093236000
241,642,master,1550093236000
241,643,master,1550093236000
241,644,master,1550093236000
242,645,master,1550093236000
242,646,master,1550093236000
242,647,master,1550093236000
242,648,master,1550093236000
283,649,master,1550093236000
283,650,master,1550093236000
283,651,master,1550093236000
283,652,master,1550093236000
284,653,master,1550093236000
284,654,master,1550093236000
284,655,master,1550093236000
284,656,master,1550093236000
285,657,master,1550093236000
285,658,master,1550093236000
285,659,master,1550093236000
285,660,master,1550093236000
286,661,master,1550093236000
286,662,master,1550093236000
286,663,master,1550093236000
286,664,master,1550093236000
287,665,master,1550093236000
287,666,master,1550093236000
287,667,master,1550093236000
287,668,master,1550093236000
288,669,master,1550093236000
288,670,master,1550093236000
288,671,master,1550093236000
288,672,master,1550093236000
289,673,master,1550093236000
289,674,master,1550093236000
289,675,master,1550093236000
289,676,master,1550093236000
290,677,master,1550093236000
290,678,master,1550093236000
290,679,master,1550093236000
290,680,master,1550093236000
291,681,master,1550093236000
291,682,master,1550093236000
291,683,master,1550093236000
291,684,master,1550093236000
292,685,master,1550093236000
292,686,master,1550093236000
292,687,master,1550093236000
292,688,master,1550093236000
293,689,master,1550093236000
293,690,master,1550093236000
293,691,master,1550093236000
293,692,master,1550093236000
294,693,master,1550093236000
294,694,master,1550093236000
294,695,master,1550093236000
294,696,master,1550093236000
295,697,master,1550093236000
295,698,master,1550093236000
295,699,master,1550093236000
295,700,master,1550093236000
296,701,master,1550093236000
296,702,master,1550093236000
296,703,master,1550093236000
296,704,master,1550093236000
297,705,master,1550093236000
297,706,master,1550093236000
297,707,master,1550093236000
297,708,master,1550093236000
298,709,master,1550093236000
298,710,master,1550093236000
298,711,master,1550093236000
298,712,master,1550093236000
299,713,master,1550093236000
299,714,master,1550093236000
299,715,master,1550093236000
299,716,master,1550093236000
300,717,master,1550093236000
300,718,master,1550093236000
300,719,master,1550093236000
300,720,master,1550093236000
301,721,master,1550093236000
301,722,master,1550093236000
301,723,master,1550093236000
301,724,master,1550093236000
302,725,master,1550093236000
302,726,master,1550093236000
302,727,master,1550093236000
302,728,master,1550093236000
303,729,master,1550093236000
303,730,master,1550093236000
303,731,master,1550093236000
303,732,master,1550093236000
304,733,master,1550093236000
304,734,master,1550093236000
304,735,master,1550093236000
304,736,master,1550093236000
305,737,master,1550093236000
305,738,master,1550093236000
305,739,master,1550093236000
305,740,master,1550093236000
306,741,master,1550093236000
306,742,master,1550093236000
306,743,master,1550093236000
306,744,master,1550093236000
307,745,master,1550093236000
307,746,master,1550093236000
307,747,master,1550093236000
307,748,master,1550093236000
308,749,master,1550093236000
308,750,master,1550093236000
308,751,master,1550093236000
308,752,master,1550093236000
309,753,master,1550093236000
309,754,master,1550093236000
309,755,master,1550093236000
309,756,master,1550093236000
310,757,master,1550093236000
310,758,master,1550093236000
310,759,master,1550093236000
310,760,master,1550093236000
311,761,master,1550093236000
311,762,master,1550093236000
311,763,master,1550093236000
311,764,master,1550093236000
312,765,master,1550093236000
312,766,master,1550093236000
312,767,master,1550093236000
312,768,master,1550093236000
313,769,master,1550093236000
313,770,master,1550093236000
313,771,master,1550093236000
313,772,master,1550093236000
314,773,master,1550093236000
314,774,master,1550093236000
314,775,master,1550093236000
314,776,master,1550093236000
315,777,master,1550093236000
315,778,master,1550093236000
315,779,master,1550093236000
315,780,master,1550093236000
316,781,master,1550093236000
316,782,master,1550093236000
316,783,master,1550093236000
316,784,master,1550093236000
317,785,master,1550093236000
317,786,master,1550093236000
317,787,master,1550093236000
317,788,master,1550093236000
318,789,master,1550093236000
318,790,master,1550093236000
318,791,master,1550093236000
318,792,master,1550093236000
319,793,master,1550093236000
319,794,master,1550093236000
319,795,master,1550093236000
319,796,master,1550093236000
320,797,master,1550093236000
320,798,master,1550093236000
320,799,master,1550093236000
320,800,master,1550093236000
321,801,master,1550093236000
321,802,master,1550093236000
321,803,master,1550093236000
321,804,master,1550093236000
322,805,master,1550093236000
322,806,master,1550093236000
322,807,master,1550093236000
322,808,master,1550093236000
323,809,master,1550093236000
323,810,master,1550093236000
323,811,master,1550093236000
323,812,master,1550093236000
324,813,master,1550093236000
324,814,master,1550093236000
324,815,master,1550093236000
324,816,master,1550093236000
325,817,master,1550093236000
325,818,master,1550093236000
325,819,master,1550093236000
325,820,master,1550093236000
326,821,master,1550093236000
326,822,master,1550093236000
326,823,master,1550093236000
326,824,master,1550093236000
327,825,master,1550093236000
327,826,master,1550093236000
327,827,master,1550093236000
327,828,master,1550093236000
328,829,master,1550093236000
328,830,master,1550093236000
328,831,master,1550093236000
328,832,master,1550093236000
329,833,master,1550093236000
329,834,master,1550093236000
329,835,master,1550093236000
329,836,master,1550093236000
330,837,master,1550093236000
330,838,master,1550093236000
330,839,master,1550093236000
330,840,master,1550093236000
331,841,master,1550093236000
331,842,master,1550093236000
331,843,master,1550093236000
331,844,master,1550093236000
332,845,master,1550093236000
332,846,master,1550093236000
332,847,master,1550093236000
332,848,master,1550093236000
333,849,master,1550093236000
333,850,master,1550093236000
333,851,master,1550093236000
333,852,master,1550093236000
334,853,master,1550093236000
334,854,master,1550093236000
334,855,master,1550093236000
334,856,master,1550093236000
335,857,master,1550093236000
335,858,master,1550093236000
335,859,master,1550093236000
335,860,master,1550093236000
336,861,master,1550093236000
336,862,master,1550093236000
336,863,master,1550093236000
336,864,master,1550093236000
337,865,master,1550093236000
337,866,master,1550093236000
337,867,master,1550093236000
337,868,master,1550093236000
338,869,master,1550093236000
338,870,master,1550093236000
338,871,master,1550093236000
338,872,master,1550093236000
339,873,master,1550093236000
339,874,master,1550093236000
339,875,master,1550093236000
339,876,master,1550093236000
340,877,master,1550093236000
340,878,master,1550093236000
340,879,master,1550093236000
340,880,master,1550093236000
341,881,master,1550093236000
341,882,master,1550093236000
341,883,master,1550093236000
341,884,master,1550093236000
342,885,master,1550093236000
342,886,master,1550093236000
342,887,master,1550093236000
342,888,master,1550093236000
343,889,master,1550093236000
343,890,master,1550093236000
343,891,master,1550093236000
343,892,master,1550093236000
344,893,master,1550093236000
344,894,master,1550093236000
344,895,master,1550093236000
344,896,master,1550093236000
345,897,master,1550093236000
345,898,master,1550093236000
345,899,master,1550093236000
345,900,master,1550093236000
346,901,master,1550093236000
346,902,master,1550093236000
346,903,master,1550093236000
346,904,master,1550093236000
347,905,master,1550093236000
347,906,master,1550093236000
347,907,master,1550093236000
347,908,master,1550093236000
348,909,master,1550093236000
348,910,master,1550093236000
348,911,master,1550093236000
348,912,master,1550093236000
349,913,master,1550093236000
349,914,master,1550093236000
349,915,master,1550093236000
349,916,master,1550093236000
350,917,master,1550093236000
350,918,master,1550093236000
350,919,master,1550093236000
350,920,master,1550093236000
351,921,master,1550093236000
351,922,master,1550093236000
351,923,master,1550093236000
351,924,master,1550093236000
352,925,master,1550093236000
352,926,master,1550093236000
352,927,master,1550093236000
352,928,master,1550093236000
353,929,master,1550093236000
353,930,master,1550093236000
353,931,master,1550093236000
353,932,master,1550093236000
354,933,master,1550093236000
354,934,master,1550093236000
354,935,master,1550093236000
354,936,master,1550093236000
355,937,master,1550093236000
355,938,master,1550093236000
355,939,master,1550093236000
355,940,master,1550093236000
356,941,master,1550093236000
356,942,master,1550093236000
356,943,master,1550093236000
356,944,master,1550093236000
357,945,master,1550093236000
357,946,master,1550093236000
357,947,master,1550093236000
357,948,master,1550093236000
358,949,master,1550093236000
358,950,master,1550093236000
358,951,master,1550093236000
358,952,master,1550093236000
359,953,master,1550093236000
359,954,master,1550093236000
359,955,master,1550093236000
359,956,master,1550093236000
360,957,master,1550093236000
360,958,master,1550093236000
360,959,master,1550093236000
360,960,master,1550093236000
361,961,master,1550093236000
361,962,master,1550093236000
361,963,master,1550093236000
361,964,master,1550093236000
362,965,master,1550093236000
362,966,master,1550093236000
362,967,master,1550093236000
362,968,master,1550093236000
363,969,master,1550093236000
363,970,master,1550093236000
363,971,master,1550093236000
363,972,master,1550093236000
404,973,master,1550093236000
404,974,master,1550093236000
404,975,master,1550093236000
404,976,master,1550093236000
405,977,master,1550093236000
405,978,master,1550093236000
405,979,master,1550093236000
405,980,master,1550093236000
406,981,master,1550093236000
406,982,master,1550093236000
406,983,master,1550093236000
406,984,master,1550093236000
407,985,master,1550093236000
407,986,master,1550093236000
407,987,master,1550093236000
407,988,master,1550093236000
408,989,master,1550093236000
408,990,master,1550093236000
408,991,master,1550093236000
408,992,master,1550093236000
409,993,master,1550093236000
409,994,master,1550093236000
409,995,master,1550093236000
409,996,master,1550093236000
410,997,master,1550093236000
410,998,master,1550093236000
410,999,master,1550093236000
410,1000,master,1550093236000
411,1001,master,1550093236000
411,1002,master,1550093236000
411,1003,master,1550093236000
411,1004,master,1550093236000
412,1005,master,1550093236000
412,1006,master,1550093236000
412,1007,master,1550093236000
412,1008,master,1550093236000
413,1009,master,1550093236000
413,1010,master,1550093236000
413,1011,master,1550093236000
413,1012,master,1550093236000
414,1013,master,1550093236000
414,1014,master,1550093236000
414,1015,master,1550093236000
414,1016,master,1550093236000
415,1017,master,1550093236000
415,1018,master,1550093236000
415,1019,master,1550093236000
415,1020,master,1550093236000
416,1021,master,1550093236000
416,1022,master,1550093236000
416,1023,master,1550093236000
416,1024,master,1550093236000
417,1025,master,1550093236000
417,1026,master,1550093236000
417,1027,master,1550093236000
417,1028,master,1550093236000
418,1029,master,1550093236000
418,1030,master,1550093236000
418,1031,master,1550093236000
418,1032,master,1550093236000
419,1033,master,1550093236000
419,1034,master,1550093236000
419,1035,master,1550093236000
419,1036,master,1550093236000
420,1037,master,1550093236000
420,1038,master,1550093236000
420,1039,master,1550093236000
420,1040,master,1550093236000
421,1041,master,1550093236000
421,1042,master,1550093236000
421,1043,master,1550093236000
421,1044,master,1550093236000
422,1045,master,1550093236000
422,1046,master,1550093236000
422,1047,master,1550093236000
422,1048,master,1550093236000
423,1049,master,1550093236000
423,1050,master,1550093236000
423,1051,master,1550093236000
423,1052,master,1550093236000
424,1053,master,1550093236000
424,1054,master,1550093236000
424,1055,master,1550093236000
424,1056,master,1550093236000
425,1057,master,1550093236000
425,1058,master,1550093236000
425,1059,master,1550093236000
425,1060,master,1550093236000
426,1061,master,1550093236000
426,1062,master,1550093236000
426,1063,master,1550093236000
426,1064,master,1550093236000
427,1065,master,1550093236000
427,1066,master,1550093236000
427,1067,master,1550093236000
427,1068,master,1550093236000
428,1069,master,1550093236000
428,1070,master,1550093236000
428,1071,master,1550093236000
428,1072,master,1550093236000
429,1073,master,1550093236000
429,1074,master,1550093236000
429,1075,master,1550093236000
429,1076,master,1550093236000
430,1077,master,1550093236000
430,1078,master,1550093236000
430,1079,master,1550093236000
430,1080,master,1550093236000
431,1081,master,1550093236000
431,1082,master,1550093236000
431,1083,master,1550093236000
431,1084,master,1550093236000
432,1085,master,1550093236000
432,1086,master,1550093236000
432,1087,master,1550093236000
432,1088,master,1550093236000
433,1089,master,1550093236000
433,1090,master,1550093236000
433,1091,master,1550093236000
433,1092,master,1550093236000
434,1093,master,1550093236000
434,1094,master,1550093236000
434,1095,master,1550093236000
434,1096,master,1550093236000
435,1097,master,1550093236000
435,1098,master,1550093236000
435,1099,master,1550093236000
435,1100,master,1550093236000
436,1101,master,1550093236000
436,1102,master,1550093236000
436,1103,master,1550093236000
436,1104,master,1550093236000
437,1105,master,1550093236000
437,1106,master,1550093236000
437,1107,master,1550093236000
437,1108,master,1550093236000
438,1109,master,1550093236000
438,1110,master,1550093236000
438,1111,master,1550093236000
438,1112,master,1550093236000
439,1113,master,1550093236000
439,1114,master,1550093236000
439,1115,master,1550093236000
439,1116,master,1550093236000
440,1117,master,1550093236000
440,1118,master,1550093236000
440,1119,master,1550093236000
440,1120,master,1550093236000
441,1121,master,1550093236000
441,1122,master,1550093236000
441,1123,master,1550093236000
441,1124,master,1550093236000
442,1125,master,1550093236000
442,1126,master,1550093236000
442,1127,master,1550093236000
442,1128,master,1550093236000
443,1129,master,1550093236000
443,1130,master,1550093236000
443,1131,master,1550093236000
443,1132,master,1550093236000
444,1133,master,1550093236000
444,1134,master,1550093236000
444,1135,master,1550093236000
444,1136,master,1550093236000
445,1137,master,1550093236000
445,1138,master,1550093236000
445,1139,master,1550093236000
445,1140,master,1550093236000
446,1141,master,1550093236000
446,1142,master,1550093236000
446,1143,master,1550093236000
446,1144,master,1550093236000
447,1145,master,1550093236000
447,1146,master,1550093236000
447,1147,master,1550093236000
447,1148,master,1550093236000
448,1149,master,1550093236000
448,1150,master,1550093236000
448,1151,master,1550093236000
448,1152,master,1550093236000
449,1153,master,1550093236000
449,1154,master,1550093236000
449,1155,master,1550093236000
449,1156,master,1550093236000
450,1157,master,1550093236000
450,1158,master,1550093236000
450,1159,master,1550093236000
450,1160,master,1550093236000
451,1161,master,1550093236000
451,1162,master,1550093236000
451,1163,master,1550093236000
451,1164,master,1550093236000
452,1165,master,1550093236000
452,1166,master,1550093236000
452,1167,master,1550093236000
452,1168,master,1550093236000
453,1169,master,1550093236000
453,1170,master,1550093236000
453,1171,master,1550093236000
453,1172,master,1550093236000
454,1173,master,1550093236000
454,1174,master,1550093236000
454,1175,master,1550093236000
454,1176,master,1550093236000
455,1177,master,1550093236000
455,1178,master,1550093236000
455,1179,master,1550093236000
455,1180,master,1550093236000
456,1181,master,1550093236000
456,1182,master,1550093236000
456,1183,master,1550093236000
456,1184,master,1550093236000
457,1185,master,1550093236000
457,1186,master,1550093236000
457,1187,master,1550093236000
457,1188,master,1550093236000
458,1189,master,1550093236000
458,1190,master,1550093236000
458,1191,master,1550093236000
458,1192,master,1550093236000
459,1193,master,1550093236000
459,1194,master,1550093236000
459,1195,master,1550093236000
459,1196,master,1550093236000
460,1197,master,1550093236000
460,1198,master,1550093236000
460,1199,master,1550093236000
460,1200,master,1550093236000
461,1201,master,1550093236000
461,1202,master,1550093236000
461,1203,master,1550093236000
461,1204,master,1550093236000
462,1205,master,1550093236000
462,1206,master,1550093236000
462,1207,master,1550093236000
462,1208,master,1550093236000
463,1209,master,1550093236000
463,1210,master,1550093236000
463,1211,master,1550093236000
463,1212,master,1550093236000
464,1213,master,1550093236000
464,1214,master,1550093236000
464,1215,master,1550093236000
464,1216,master,1550093236000
465,1217,master,1550093236000
465,1218,master,1550093236000
465,1219,master,1550093236000
465,1220,master,1550093236000
466,1221,master,1550093236000
466,1222,master,1550093236000
466,1223,master,1550093236000
466,1224,master,1550093236000
467,1225,master,1550093236000
467,1226,master,1550093236000
467,1227,master,1550093236000
467,1228,master,1550093236000
468,1229,master,1550093236000
468,1230,master,1550093236000
468,1231,master,1550093236000
468,1232,master,1550093236000
469,1233,master,1550093236000
469,1234,master,1550093236000
469,1235,master,1550093236000
469,1236,master,1550093236000
470,1237,master,1550093236000
470,1238,master,1550093236000
470,1239,master,1550093236000
470,1240,master,1550093236000
471,1241,master,1550093236000
471,1242,master,1550093236000
471,1243,master,1550093236000
471,1244,master,1550093236000
472,1245,master,1550093236000
472,1246,master,1550093236000
472,1247,master,1550093236000
472,1248,master,1550093236000
473,1249,master,1550093236000
473,1250,master,1550093236000
473,1251,master,1550093236000
473,1252,master,1550093236000
474,1253,master,1550093236000
474,1254,master,1550093236000
474,1255,master,1550093236000
474,1256,master,1550093236000
475,1257,master,1550093236000
475,1258,master,1550093236000
475,1259,master,1550093236000
475,1260,master,1550093236000
476,1261,master,1550093236000
476,1262,master,1550093236000
476,1263,master,1550093236000
476,1264,master,1550093236000
477,1265,master,1550093236000
477,1266,master,1550093236000
477,1267,master,1550093236000
477,1268,master,1550093236000
478,1269,master,1550093236000
478,1270,master,1550093236000
478,1271,master,1550093236000
478,1272,master,1550093236000
479,1273,master,1550093236000
479,1274,master,1550093236000
479,1275,master,1550093236000
479,1276,master,1550093236000
480,1277,master,1550093236000
480,1278,master,1550093236000
480,1279,master,1550093236000
480,1280,master,1550093236000
481,1281,master,1550093236000
481,1282,master,1550093236000
481,1283,master,1550093236000
481,1284,master,1550093236000
482,1285,master,1550093236000
482,1286,master,1550093236000
482,1287,master,1550093236000
482,1288,master,1550093236000
483,1289,master,1550093236000
483,1290,master,1550093236000
483,1291,master,1550093236000
483,1292,master,1550093236000
484,1293,master,1550093236000
484,1294,master,1550093236000
484,1295,master,1550093236000
484,1296,master,1550093236000
525,1297,master,1550093236000
525,1298,master,1550093236000
525,1299,master,1550093236000
525,1300,master,1550093236000
526,1301,master,1550093236000
526,1302,master,1550093236000
526,1303,master,1550093236000
526,1304,master,1550093236000
527,1305,master,1550093236000
527,1306,master,1550093236000
527,1307,master,1550093236000
527,1308,master,1550093236000
528,1309,master,1550093236000
528,1310,master,1550093236000
528,1311,master,1550093236000
528,1312,master,1550093236000
529,1313,master,1550093236000
529,1314,master,1550093236000
529,1315,master,1550093236000
529,1316,master,1550093236000
530,1317,master,1550093236000
530,1318,master,1550093236000
530,1319,master,1550093236000
530,1320,master,1550093236000
531,1321,master,1550093236000
531,1322,master,1550093236000
531,1323,master,1550093236000
531,1324,master,1550093236000
532,1325,master,1550093236000
532,1326,master,1550093236000
532,1327,master,1550093236000
532,1328,master,1550093236000
533,1329,master,1550093236000
533,1330,master,1550093236000
533,1331,master,1550093236000
533,1332,master,1550093236000
534,1333,master,1550093236000
534,1334,master,1550093236000
534,1335,master,1550093236000
534,1336,master,1550093236000
535,1337,master,1550093236000
535,1338,master,1550093236000
535,1339,master,1550093236000
535,1340,master,1550093236000
536,1341,master,1550093236000
536,1342,master,1550093236000
536,1343,master,1550093236000
536,1344,master,1550093236000
537,1345,master,1550093236000
537,1346,master,1550093236000
537,1347,master,1550093236000
537,1348,master,1550093236000
538,1349,master,1550093236000
538,1350,master,1550093236000
538,1351,master,1550093236000
538,1352,master,1550093236000
539,1353,master,1550093236000
539,1354,master,1550093236000
539,1355,master,1550093236000
539,1356,master,1550093236000
540,1357,master,1550093236000
540,1358,master,1550093236000
540,1359,master,1550093236000
540,1360,master,1550093236000
541,1361,master,1550093236000
541,1362,master,1550093236000
541,1363,master,1550093236000
541,1364,master,1550093236000
542,1365,master,1550093236000
542,1366,master,1550093236000
542,1367,master,1550093236000
542,1368,master,1550093236000
543,1369,master,1550093236000
543,1370,master,1550093236000
543,1371,master,1550093236000
543,1372,master,1550093236000
544,1373,master,1550093236000
544,1374,master,1550093236000
544,1375,master,1550093236000
544,1376,master,1550093236000
545,1377,master,1550093236000
545,1378,master,1550093236000
545,1379,master,1550093236000
545,1380,master,1550093236000
546,1381,master,1550093236000
546,1382,master,1550093236000
546,1383,master,1550093236000
546,1384,master,1550093236000
547,1385,master,1550093236000
547,1386,master,1550093236000
547,1387,master,1550093236000
547,1388,master,1550093236000
548,1389,master,1550093236000
548,1390,master,1550093236000
548,1391,master,1550093236000
548,1392,master,1550093236000
549,1393,master,1550093236000
549,1394,master,1550093236000
549,1395,master,1550093236000
549,1396,master,1550093236000
550,1397,master,1550093236000
550,1398,master,1550093236000
550,1399,master,1550093236000
550,1400,master,1550093236000
551,1401,master,1550093236000
551,1402,master,1550093236000
551,1403,master,1550093236000
551,1404,master,1550093236000
552,1405,master,1550093236000
552,1406,master,1550093236000
552,1407,master,1550093236000
552,1408,master,1550093236000
553,1409,master,1550093236000
553,1410,master,1550093236000
553,1411,master,1550093236000
553,1412,master,1550093236000
554,1413,master,1550093236000
554,1414,master,1550093236000
554,1415,master,1550093236000
554,1416,master,1550093236000
555,1417,master,1550093236000
555,1418,master,1550093236000
555,1419,master,1550093236000
555,1420,master,1550093236000
556,1421,master,1550093236000
556,1422,master,1550093236000
556,1423,master,1550093236000
556,1424,master,1550093236000
557,1425,master,1550093236000
557,1426,master,1550093236000
557,1427,master,1550093236000
557,1428,master,1550093236000
558,1429,master,1550093236000
558,1430,master,1550093236000
558,1431,master,1550093236000
558,1432,master,1550093236000
559,1433,master,1550093236000
559,1434,master,1550093236000
559,1435,master,1550093236000
559,1436,master,1550093236000
560,1437,master,1550093236000
560,1438,master,1550093236000
560,1439,master,1550093236000
560,1440,master,1550093236000
561,1441,master,1550093236000
561,1442,master,1550093236000
561,1443,master,1550093236000
561,1444,master,1550093236000
562,1445,master,1550093236000
562,1446,master,1550093236000
562,1447,master,1550093236000
562,1448,master,1550093236000
563,1449,master,1550093236000
563,1450,master,1550093236000
563,1451,master,1550093236000
563,1452,master,1550093236000
564,1453,master,1550093236000
564,1454,master,1550093236000
564,1455,master,1550093236000
564,1456,master,1550093236000
565,1457,master,1550093236000
565,1458,master,1550093236000
565,1459,master,1550093236000
565,1460,master,1550093236000
566,1461,master,1550093236000
566,1462,master,1550093236000
566,1463,master,1550093236000
566,1464,master,1550093236000
567,1465,master,1550093236000
567,1466,master,1550093236000
567,1467,master,1550093236000
567,1468,master,1550093236000
568,1469,master,1550093236000
568,1470,master,1550093236000
568,1471,master,1550093236000
568,1472,master,1550093236000
569,1473,master,1550093236000
569,1474,master,1550093236000
569,1475,master,1550093236000
569,1476,master,1550093236000
570,1477,master,1550093236000
570,1478,master,1550093236000
570,1479,master,1550093236000
570,1480,master,1550093236000
571,1481,master,1550093236000
571,1482,master,1550093236000
571,1483,master,1550093236000
571,1484,master,1550093236000
572,1485,master,1550093236000
572,1486,master,1550093236000
572,1487,master,1550093236000
572,1488,master,1550093236000
573,1489,master,1550093236000
573,1490,master,1550093236000
573,1491,master,1550093236000
573,1492,master,1550093236000
574,1493,master,1550093236000
574,1494,master,1550093236000
574,1495,master,1550093236000
574,1496,master,1550093236000
575,1497,master,1550093236000
575,1498,master,1550093236000
575,1499,master,1550093236000
575,1500,master,1550093236000
576,1501,master,1550093236000
576,1502,master,1550093236000
576,1503,master,1550093236000
576,1504,master,1550093236000
577,1505,master,1550093236000
577,1506,master,1550093236000
577,1507,master,1550093236000
577,1508,master,1550093236000
578,1509,master,1550093236000
578,1510,master,1550093236000
578,1511,master,1550093236000
578,1512,master,1550093236000
579,1513,master,1550093236000
579,1514,master,1550093236000
579,1515,master,1550093236000
579,1516,master,1550093236000
580,1517,master,1550093236000
580,1518,master,1550093236000
580,1519,master,1550093236000
580,1520,master,1550093236000
581,1521,master,1550093236000
581,1522,master,1550093236000
581,1523,master,1550093236000
581,1524,master,1550093236000
582,1525,master,1550093236000
582,1526,master,1550093236000
582,1527,master,1550093236000
582,1528,master,1550093236000
583,1529,master,1550093236000
583,1530,master,1550093236000
583,1531,master,1550093236000
583,1532,master,1550093236000
584,1533,master,1550093236000
584,1534,master,1550093236000
584,1535,master,1550093236000
584,1536,master,1550093236000
585,1537,master,1550093236000
585,1538,master,1550093236000
585,1539,master,1550093236000
585,1540,master,1550093236000
586,1541,master,1550093236000
586,1542,master,1550093236000
586,1543,master,1550093236000
586,1544,master,1550093236000
587,1545,master,1550093236000
587,1546,master,1550093236000
587,1547,master,1550093236000
587,1548,master,1550093236000
588,1549,master,1550093236000
588,1550,master,1550093236000
588,1551,master,1550093236000
588,1552,master,1550093236000
589,1553,master,1550093236000
589,1554,master,1550093236000
589,1555,master,1550093236000
589,1556,master,1550093236000
590,1557,master,1550093236000
590,1558,master,1550093236000
590,1559,master,1550093236000
590,1560,master,1550093236000
591,1561,master,1550093236000
591,1562,master,1550093236000
591,1563,master,1550093236000
591,1564,master,1550093236000
592,1565,master,1550093236000
592,1566,master,1550093236000
592,1567,master,1550093236000
592,1568,master,1550093236000
593,1569,master,1550093236000
593,1570,master,1550093236000
593,1571,master,1550093236000
593,1572,master,1550093236000
594,1573,master,1550093236000
594,1574,master,1550093236000
594,1575,master,1550093236000
594,1576,master,1550093236000
595,1577,master,1550093236000
595,1578,master,1550093236000
595,1579,master,1550093236000
595,1580,master,1550093236000
596,1581,master,1550093236000
596,1582,master,1550093236000
596,1583,master,1550093236000
596,1584,master,1550093236000
597,1585,master,1550093236000
597,1586,master,1550093236000
597,1587,master,1550093236000
597,1588,master,1550093236000
598,1589,master,1550093236000
598,1590,master,1550093236000
598,1591,master,1550093236000
598,1592,master,1550093236000
599,1593,master,1550093236000
599,1594,master,1550093236000
599,1595,master,1550093236000
599,1596,master,1550093236000
600,1597,master,1550093236000
600,1598,master,1550093236000
600,1599,master,1550093236000
600,1600,master,1550093236000
601,1601,master,1550093236000
601,1602,master,1550093236000
601,1603,master,1550093236000
601,1604,master,1550093236000
602,1605,master,1550093236000
602,1606,master,1550093236000
602,1607,master,1550093236000
602,1608,master,1550093236000
603,1609,master,1550093236000
603,1610,master,1550093236000
603,1611,master,1550093236000
603,1612,master,1550093236000
604,1613,master,1550093236000
604,1614,master,1550093236000
604,1615,master,1550093236000
604,1616,master,1550093236000
605,1617,master,1550093236000
605,1618,master,1550093236000
605,1619,master,1550093236000
605,1620,master,1550093236000
646,1621,master,1550093236000
646,1622,master,1550093236000
646,1623,master,1550093236000
646,1624,master,1550093236000
647,1625,master,1550093236000
647,1626,master,1550093236000
647,1627,master,1550093236000
647,1628,master,1550093236000
648,1629,master,1550093236000
648,1630,master,1550093236000
648,1631,master,1550093236000
648,1632,master,1550093236000
649,1633,master,1550093236000
649,1634,master,1550093236000
649,1635,master,1550093236000
649,1636,master,1550093236000
650,1637,master,1550093236000
650,1638,master,1550093236000
650,1639,master,1550093236000
650,1640,master,1550093236000
651,1641,master,1550093236000
651,1642,master,1550093236000
651,1643,master,1550093236000
651,1644,master,1550093236000
652,1645,master,1550093236000
652,1646,master,1550093236000
652,1647,master,1550093236000
652,1648,master,1550093236000
653,1649,master,1550093236000
653,1650,master,1550093236000
653,1651,master,1550093236000
653,1652,master,1550093236000
654,1653,master,1550093236000
654,1654,master,1550093236000
654,1655,master,1550093236000
654,1656,master,1550093236000
655,1657,master,1550093236000
655,1658,master,1550093236000
655,1659,master,1550093236000
655,1660,master,1550093236000
656,1661,master,1550093236000
656,1662,master,1550093236000
656,1663,master,1550093236000
656,1664,master,1550093236000
657,1665,master,1550093236000
657,1666,master,1550093236000
657,1667,master,1550093236000
657,1668,master,1550093236000
658,1669,master,1550093236000
658,1670,master,1550093236000
658,1671,master,1550093236000
658,1672,master,1550093236000
659,1673,master,1550093236000
659,1674,master,1550093236000
659,1675,master,1550093236000
659,1676,master,1550093236000
660,1677,master,1550093236000
660,1678,master,1550093236000
660,1679,master,1550093236000
660,1680,master,1550093236000
661,1681,master,1550093236000
661,1682,master,1550093236000
661,1683,master,1550093236000
661,1684,master,1550093236000
662,1685,master,1550093236000
662,1686,master,1550093236000
662,1687,master,1550093236000
662,1688,master,1550093236000
663,1689,master,1550093236000
663,1690,master,1550093236000
663,1691,master,1550093236000
663,1692,master,1550093236000
664,1693,master,1550093236000
664,1694,master,1550093236000
664,1695,master,1550093236000
664,1696,master,1550093236000
665,1697,master,1550093236000
665,1698,master,1550093236000
665,1699,master,1550093236000
665,1700,master,1550093236000
666,1701,master,1550093236000
666,1702,master,1550093236000
666,1703,master,1550093236000
666,1704,master,1550093236000
667,1705,master,1550093236000
667,1706,master,1550093236000
667,1707,master,1550093236000
667,1708,master,1550093236000
668,1709,master,1550093236000
668,1710,master,1550093236000
668,1711,master,1550093236000
668,1712,master,1550093236000
669,1713,master,1550093236000
669,1714,master,1550093236000
669,1715,master,1550093236000
669,1716,master,1550093236000
670,1717,master,1550093236000
670,1718,master,1550093236000
670,1719,master,1550093236000
670,1720,master,1550093236000
671,1721,master,1550093236000
671,1722,master,1550093236000
671,1723,master,1550093236000
671,1724,master,1550093236000
672,1725,master,1550093236000
672,1726,master,1550093236000
672,1727,master,1550093236000
672,1728,master,1550093236000
673,1729,master,1550093236000
673,1730,master,1550093236000
673,1731,master,1550093236000
673,1732,master,1550093236000
674,1733,master,1550093236000
674,1734,master,1550093236000
674,1735,master,1550093236000
674,1736,master,1550093236000
675,1737,master,1550093236000
675,1738,master,1550093236000
675,1739,master,1550093236000
675,1740,master,1550093236000
676,1741,master,1550093236000
676,1742,master,1550093236000
676,1743,master,1550093236000
676,1744,master,1550093236000
677,1745,master,1550093236000
677,1746,master,1550093236000
677,1747,master,1550093236000
677,1748,master,1550093236000
678,1749,master,1550093236000
678,1750,master,1550093236000
678,1751,master,1550093236000
678,1752,master,1550093236000
679,1753,master,1550093236000
679,1754,master,1550093236000
679,1755,master,1550093236000
679,1756,master,1550093236000
680,1757,master,1550093236000
680,1758,master,1550093236000
680,1759,master,1550093236000
680,1760,master,1550093236000
681,1761,master,1550093236000
681,1762,master,1550093236000
681,1763,master,1550093236000
681,1764,master,1550093236000
682,1765,master,1550093236000
682,1766,master,1550093236000
682,1767,master,1550093236000
682,1768,master,1550093236000
683,1769,master,1550093236000
683,1770,master,1550093236000
683,1771,master,1550093236000
683,1772,master,1550093236000
684,1773,master,1550093236000
684,1774,master,1550093236000
684,1775,master,1550093236000
684,1776,master,1550093236000
685,1777,master,1550093236000
685,1778,master,1550093236000
685,1779,master,1550093236000
685,1780,master,1550093236000
686,1781,master,1550093236000
686,1782,master,1550093236000
686,1783,master,1550093236000
686,1784,master,1550093236000
687,1785,master,1550093236000
687,1786,master,1550093236000
687,1787,master,1550093236000
687,1788,master,1550093236000
688,1789,master,1550093236000
688,1790,master,1550093236000
688,1791,master,1550093236000
688,1792,master,1550093236000
689,1793,master,1550093236000
689,1794,master,1550093236000
689,1795,master,1550093236000
689,1796,master,1550093236000
690,1797,master,1550093236000
690,1798,master,1550093236000
690,1799,master,1550093236000
690,1800,master,1550093236000
691,1801,master,1550093236000
691,1802,master,1550093236000
691,1803,master,1550093236000
691,1804,master,1550093236000
692,1805,master,1550093236000
692,1806,master,1550093236000
692,1807,master,1550093236000
692,1808,master,1550093236000
693,1809,master,1550093236000
693,1810,master,1550093236000
693,1811,master,1550093236000
693,1812,master,1550093236000
694,1813,master,1550093236000
694,1814,master,1550093236000
694,1815,master,1550093236000
694,1816,master,1550093236000
695,1817,master,1550093236000
695,1818,master,1550093236000
695,1819,master,1550093236000
695,1820,master,1550093236000
696,1821,master,1550093236000
696,1822,master,1550093236000
696,1823,master,1550093236000
696,1824,master,1550093236000
697,1825,master,1550093236000
697,1826,master,1550093236000
697,1827,master,1550093236000
697,1828,master,1550093236000
698,1829,master,1550093236000
698,1830,master,1550093236000
698,1831,master,1550093236000
698,1832,master,1550093236000
699,1833,master,1550093236000
699,1834,master,1550093236000
699,1835,master,1550093236000
699,1836,master,1550093236000
700,1837,master,1550093236000
700,1838,master,1550093236000
700,1839,master,1550093236000
700,1840,master,1550093236000
701,1841,master,1550093236000
701,1842,master,1550093236000
701,1843,master,1550093236000
701,1844,master,1550093236000
702,1845,master,1550093236000
702,1846,master,1550093236000
702,1847,master,1550093236000
702,1848,master,1550093236000
703,1849,master,1550093236000
703,1850,master,1550093236000
703,1851,master,1550093236000
703,1852,master,1550093236000
704,1853,master,1550093236000
704,1854,master,1550093236000
704,1855,master,1550093236000
704,1856,master,1550093236000
705,1857,master,1550093236000
705,1858,master,1550093236000
705,1859,master,1550093236000
705,1860,master,1550093236000
706,1861,master,1550093236000
706,1862,master,1550093236000
706,1863,master,1550093236000
706,1864,master,1550093236000
707,1865,master,1550093236000
707,1866,master,1550093236000
707,1867,master,1550093236000
707,1868,master,1550093236000
708,1869,master,1550093236000
708,1870,master,1550093236000
708,1871,master,1550093236000
708,1872,master,1550093236000
709,1873,master,1550093236000
709,1874,master,1550093236000
709,1875,master,1550093236000
709,1876,master,1550093236000
710,1877,master,1550093236000
710,1878,master,1550093236000
710,1879,master,1550093236000
710,1880,master,1550093236000
711,1881,master,1550093236000
711,1882,master,1550093236000
711,1883,master,1550093236000
711,1884,master,1550093236000
712,1885,master,1550093236000
712,1886,master,1550093236000
712,1887,master,1550093236000
712,1888,master,1550093236000
713,1889,master,1550093236000
713,1890,master,1550093236000
713,1891,master,1550093236000
713,1892,master,1550093236000
714,1893,master,1550093236000
714,1894,master,1550093236000
714,1895,master,1550093236000
714,1896,master,1550093236000
715,1897,master,1550093236000
715,1898,master,1550093236000
715,1899,master,1550093236000
715,1900,master,1550093236000
716,1901,master,1550093236000
716,1902,master,1550093236000
716,1903,master,1550093236000
716,1904,master,1550093236000
717,1905,master,1550093236000
717,1906,master,1550093236000
717,1907,master,1550093236000
717,1908,master,1550093236000
718,1909,master,1550093236000
718,1910,master,1550093236000
718,1911,master,1550093236000
718,1912,master,1550093236000
719,1913,master,1550093236000
719,1914,master,1550093236000
719,1915,master,1550093236000
719,1916,master,1550093236000
720,1917,master,1550093236000
720,1918,master,1550093236000
720,1919,master,1550093236000
720,1920,master,1550093236000
721,1921,master,1550093236000
721,1922,master,1550093236000
721,1923,master,1550093236000
721,1924,master,1550093236000
722,1925,master,1550093236000
722,1926,master,1550093236000
722,1927,master,1550093236000
722,1928,master,1550093236000
723,1929,master,1550093236000
723,1930,master,1550093236000
723,1931,master,1550093236000
723,1932,master,1550093236000
724,1933,master,1550093236000
724,1934,master,1550093236000
724,1935,master,1550093236000
724,1936,master,1550093236000
725,1937,master,1550093236000
725,1938,master,1550093236000
725,1939,master,1550093236000
725,1940,master,1550093236000
726,1941,master,1550093236000
726,1942,master,1550093236000
726,1943,master,1550093236000
726,1944,master,1550093236000
767,1945,master,1550093236000
767,1946,master,1550093236000
767,1947,master,1550093236000
767,1948,master,1550093236000
768,1949,master,1550093236000
768,1950,master,1550093236000
768,1951,master,1550093236000
768,1952,master,1550093236000
769,1953,master,1550093236000
769,1954,master,1550093236000
769,1955,master,1550093236000
769,1956,master,1550093236000
770,1957,master,1550093236000
770,1958,master,1550093236000
770,1959,master,1550093236000
770,1960,master,1550093236000
771,1961,master,1550093236000
771,1962,master,1550093236000
771,1963,master,1550093236000
771,1964,master,1550093236000
772,1965,master,1550093236000
772,1966,master,1550093236000
772,1967,master,1550093236000
772,1968,master,1550093236000
773,1969,master,1550093236000
773,1970,master,1550093236000
773,1971,master,1550093236000
773,1972,master,1550093236000
774,1973,master,1550093236000
774,1974,master,1550093236000
774,1975,master,1550093236000
774,1976,master,1550093236000
775,1977,master,1550093236000
775,1978,master,1550093236000
775,1979,master,1550093236000
775,1980,master,1550093236000
776,1981,master,1550093236000
776,1982,master,1550093236000
776,1983,master,1550093236000
776,1984,master,1550093236000
777,1985,master,1550093236000
777,1986,master,1550093236000
777,1987,master,1550093236000
777,1988,master,1550093236000
778,1989,master,1550093236000
778,1990,master,1550093236000
778,1991,master,1550093236000
778,1992,master,1550093236000
779,1993,master,1550093236000
779,1994,master,1550093236000
779,1995,master,1550093236000
779,1996,master,1550093236000
780,1997,master,1550093236000
780,1998,master,1550093236000
780,1999,master,1550093236000
780,2000,master,1550093236000
781,2001,master,1550093236000
781,2002,master,1550093236000
781,2003,master,1550093236000
781,2004,master,1550093236000
782,2005,master,1550093236000
782,2006,master,1550093236000
782,2007,master,1550093236000
782,2008,master,1550093236000
783,2009,master,1550093236000
783,2010,master,1550093236000
783,2011,master,1550093236000
783,2012,master,1550093236000
784,2013,master,1550093236000
784,2014,master,1550093236000
784,2015,master,1550093236000
784,2016,master,1550093236000
785,2017,master,1550093236000
785,2018,master,1550093236000
785,2019,master,1550093236000
785,2020,master,1550093236000
786,2021,master,1550093236000
786,2022,master,1550093236000
786,2023,master,1550093236000
786,2024,master,1550093236000
787,2025,master,1550093236000
787,2026,master,1550093236000
787,2027,master,1550093236000
787,2028,master,1550093236000
788,2029,master,1550093236000
788,2030,master,1550093236000
788,2031,master,1550093236000
788,2032,master,1550093236000
789,2033,master,1550093236000
789,2034,master,1550093236000
789,2035,master,1550093236000
789,2036,master,1550093236000
790,2037,master,1550093236000
790,2038,master,1550093236000
790,2039,master,1550093236000
790,2040,master,1550093236000
791,2041,master,1550093236000
791,2042,master,1550093236000
791,2043,master,1550093236000
791,2044,master,1550093236000
792,2045,master,1550093236000
792,2046,master,1550093236000
792,2047,master,1550093236000
792,2048,master,1550093236000
793,2049,master,1550093236000
793,2050,master,1550093236000
793,2051,master,1550093236000
793,2052,master,1550093236000
794,2053,master,1550093236000
794,2054,master,1550093236000
794,2055,master,1550093236000
794,2056,master,1550093236000
795,2057,master,1550093236000
795,2058,master,1550093236000
795,2059,master,1550093236000
795,2060,master,1550093236000
796,2061,master,1550093236000
796,2062,master,1550093236000
796,2063,master,1550093236000
796,2064,master,1550093236000
797,2065,master,1550093236000
797,2066,master,1550093236000
797,2067,master,1550093236000
797,2068,master,1550093236000
798,2069,master,1550093236000
798,2070,master,1550093236000
798,2071,master,1550093236000
798,2072,master,1550093236000
799,2073,master,1550093236000
799,2074,master,1550093236000
799,2075,master,1550093236000
799,2076,master,1550093236000
800,2077,master,1550093236000
800,2078,master,1550093236000
800,2079,master,1550093236000
800,2080,master,1550093236000
801,2081,master,1550093236000
801,2082,master,1550093236000
801,2083,master,1550093236000
801,2084,master,1550093236000
802,2085,master,1550093236000
802,2086,master,1550093236000
802,2087,master,1550093236000
802,2088,master,1550093236000
803,2089,master,1550093236000
803,2090,master,1550093236000
803,2091,master,1550093236000
803,2092,master,1550093236000
804,2093,master,1550093236000
804,2094,master,1550093236000
804,2095,master,1550093236000
804,2096,master,1550093236000
805,2097,master,1550093236000
805,2098,master,1550093236000
805,2099,master,1550093236000
805,2100,master,1550093236000
806,2101,master,1550093236000
806,2102,master,1550093236000
806,2103,master,1550093236000
806,2104,master,1550093236000
807,2105,master,1550093236000
807,2106,master,1550093236000
807,2107,master,1550093236000
807,2108,master,1550093236000
808,2109,master,1550093236000
808,2110,master,1550093236000
808,2111,master,1550093236000
808,2112,master,1550093236000
809,2113,master,1550093236000
809,2114,master,1550093236000
809,2115,master,1550093236000
809,2116,master,1550093236000
810,2117,master,1550093236000
810,2118,master,1550093236000
810,2119,master,1550093236000
810,2120,master,1550093236000
811,2121,master,1550093236000
811,2122,master,1550093236000
811,2123,master,1550093236000
811,2124,master,1550093236000
812,2125,master,1550093236000
812,2126,master,1550093236000
812,2127,master,1550093236000
812,2128,master,1550093236000
813,2129,master,1550093236000
813,2130,master,1550093236000
813,2131,master,1550093236000
813,2132,master,1550093236000
814,2133,master,1550093236000
814,2134,master,1550093236000
814,2135,master,1550093236000
814,2136,master,1550093236000
815,2137,master,1550093236000
815,2138,master,1550093236000
815,2139,master,1550093236000
815,2140,master,1550093236000
816,2141,master,1550093236000
816,2142,master,1550093236000
816,2143,master,1550093236000
816,2144,master,1550093236000
817,2145,master,1550093236000
817,2146,master,1550093236000
817,2147,master,1550093236000
817,2148,master,1550093236000
818,2149,master,1550093236000
818,2150,master,1550093236000
818,2151,master,1550093236000
818,2152,master,1550093236000
819,2153,master,1550093236000
819,2154,master,1550093236000
819,2155,master,1550093236000
819,2156,master,1550093236000
820,2157,master,1550093236000
820,2158,master,1550093236000
820,2159,master,1550093236000
820,2160,master,1550093236000
821,2161,master,1550093236000
821,2162,master,1550093236000
821,2163,master,1550093236000
821,2164,master,1550093236000
822,2165,master,1550093236000
822,2166,master,1550093236000
822,2167,master,1550093236000
822,2168,master,1550093236000
823,2169,master,1550093236000
823,2170,master,1550093236000
823,2171,master,1550093236000
823,2172,master,1550093236000
824,2173,master,1550093236000
824,2174,master,1550093236000
824,2175,master,1550093236000
824,2176,master,1550093236000
825,2177,master,1550093236000
825,2178,master,1550093236000
825,2179,master,1550093236000
825,2180,master,1550093236000
826,2181,master,1550093236000
826,2182,master,1550093236000
826,2183,master,1550093236000
826,2184,master,1550093236000
827,2185,master,1550093236000
827,2186,master,1550093236000
827,2187,master,1550093236000
827,2188,master,1550093236000
828,2189,master,1550093236000
828,2190,master,1550093236000
828,2191,master,1550093236000
828,2192,master,1550093236000
829,2193,master,1550093236000
829,2194,master,1550093236000
829,2195,master,1550093236000
829,2196,master,1550093236000
830,2197,master,1550093236000
830,2198,master,1550093236000
830,2199,master,1550093236000
830,2200,master,1550093236000
831,2201,master,1550093236000
831,2202,master,1550093236000
831,2203,master,1550093236000
831,2204,master,1550093236000
832,2205,master,1550093236000
832,2206,master,1550093236000
832,2207,master,1550093236000
832,2208,master,1550093236000
833,2209,master,1550093236000
833,2210,master,1550093236000
833,2211,master,1550093236000
833,2212,master,1550093236000
834,2213,master,1550093236000
834,2214,master,1550093236000
834,2215,master,1550093236000
834,2216,master,1550093236000
835,2217,master,1550093236000
835,2218,master,1550093236000
835,2219,master,1550093236000
835,2220,master,1550093236000
836,2221,master,1550093236000
836,2222,master,1550093236000
836,2223,master,1550093236000
836,2224,master,1550093236000
837,2225,master,1550093236000
837,2226,master,1550093236000
837,2227,master,1550093236000
837,2228,master,1550093236000
838,2229,master,1550093236000
838,2230,master,1550093236000
838,2231,master,1550093236000
838,2232,master,1550093236000
839,2233,master,1550093236000
839,2234,master,1550093236000
839,2235,master,1550093236000
839,2236,master,1550093236000
840,2237,master,1550093236000
840,2238,master,1550093236000
840,2239,master,1550093236000
840,2240,master,1550093236000
841,2241,master,1550093236000
841,2242,master,1550093236000
841,2243,master,1550093236000
841,2244,master,1550093236000
842,2245,master,1550093236000
842,2246,master,1550093236000
842,2247,master,1550093236000
842,2248,master,1550093236000
843,2249,master,1550093236000
843,2250,master,1550093236000
843,2251,master,1550093236000
843,2252,master,1550093236000
844,2253,master,1550093236000
844,2254,master,1550093236000
844,2255,master,1550093236000
844,2256,master,1550093236000
845,2257,master,1550093236000
845,2258,master,1550093236000
845,2259,master,1550093236000
845,2260,master,1550093236000
846,2261,master,1550093236000
846,2262,master,1550093236000
846,2263,master,1550093236000
846,2264,master,1550093236000
847,2265,master,1550093236000
847,2266,master,1550093236000
847,2267,master,1550093236000
847,2268,master,1550093236000
888,2269,master,1550093236000
888,2270,master,1550093236000
888,2271,master,1550093236000
888,2272,master,1550093236000
889,2273,master,1550093236000
889,2274,master,1550093236000
889,2275,master,1550093236000
889,2276,master,1550093236000
890,2277,master,1550093236000
890,2278,master,1550093236000
890,2279,master,1550093236000
890,2280,master,1550093236000
891,2281,master,1550093236000
891,2282,master,1550093236000
891,2283,master,1550093236000
891,2284,master,1550093236000
892,2285,master,1550093236000
892,2286,master,1550093236000
892,2287,master,1550093236000
892,2288,master,1550093236000
893,2289,master,1550093236000
893,2290,master,1550093236000
893,2291,master,1550093236000
893,2292,master,1550093236000
894,2293,master,1550093236000
894,2294,master,1550093236000
894,2295,master,1550093236000
894,2296,master,1550093236000
895,2297,master,1550093236000
895,2298,master,1550093236000
895,2299,master,1550093236000
895,2300,master,1550093236000
896,2301,master,1550093236000
896,2302,master,1550093236000
896,2303,master,1550093236000
896,2304,master,1550093236000
897,2305,master,1550093236000
897,2306,master,1550093236000
897,2307,master,1550093236000
897,2308,master,1550093236000
898,2309,master,1550093236000
898,2310,master,1550093236000
898,2311,master,1550093236000
898,2312,master,1550093236000
899,2313,master,1550093236000
899,2314,master,1550093236000
899,2315,master,1550093236000
899,2316,master,1550093236000
900,2317,master,1550093236000
900,2318,master,1550093236000
900,2319,master,1550093236000
900,2320,master,1550093236000
901,2321,master,1550093236000
901,2322,master,1550093236000
901,2323,master,1550093236000
901,2324,master,1550093236000
902,2325,master,1550093236000
902,2326,master,1550093236000
902,2327,master,1550093236000
902,2328,master,1550093236000
903,2329,master,1550093236000
903,2330,master,1550093236000
903,2331,master,1550093236000
903,2332,master,1550093236000
904,2333,master,1550093236000
904,2334,master,1550093236000
904,2335,master,1550093236000
904,2336,master,1550093236000
905,2337,master,1550093236000
905,2338,master,1550093236000
905,2339,master,1550093236000
905,2340,master,1550093236000
906,2341,master,1550093236000
906,2342,master,1550093236000
906,2343,master,1550093236000
906,2344,master,1550093236000
907,2345,master,1550093236000
907,2346,master,1550093236000
907,2347,master,1550093236000
907,2348,master,1550093236000
908,2349,master,1550093236000
908,2350,master,1550093236000
908,2351,master,1550093236000
908,2352,master,1550093236000
909,2353,master,1550093236000
909,2354,master,1550093236000
909,2355,master,1550093236000
909,2356,master,1550093236000
910,2357,master,1550093236000
910,2358,master,1550093236000
910,2359,master,1550093236000
910,2360,master,1550093236000
911,2361,master,1550093236000
911,2362,master,1550093236000
911,2363,master,1550093236000
911,2364,master,1550093236000
912,2365,master,1550093236000
912,2366,master,1550093236000
912,2367,master,1550093236000
912,2368,master,1550093236000
913,2369,master,1550093236000
913,2370,master,1550093236000
913,2371,master,1550093236000
913,2372,master,1550093236000
914,2373,master,1550093236000
914,2374,master,1550093236000
914,2375,master,1550093236000
914,2376,master,1550093236000
915,2377,master,1550093236000
915,2378,master,1550093236000
915,2379,master,1550093236000
915,2380,master,1550093236000
916,2381,master,1550093236000
916,2382,master,1550093236000
916,2383,master,1550093236000
916,2384,master,1550093236000
917,2385,master,1550093236000
917,2386,master,1550093236000
917,2387,master,1550093236000
917,2388,master,1550093236000
918,2389,master,1550093236000
918,2390,master,1550093236000
918,2391,master,1550093236000
918,2392,master,1550093236000
919,2393,master,1550093236000
919,2394,master,1550093236000
919,2395,master,1550093236000
919,2396,master,1550093236000
920,2397,master,1550093236000
920,2398,master,1550093236000
920,2399,master,1550093236000
920,2400,master,1550093236000
921,2401,master,1550093236000
921,2402,master,1550093236000
921,2403,master,1550093236000
921,2404,master,1550093236000
922,2405,master,1550093236000
922,2406,master,1550093236000
922,2407,master,1550093236000
922,2408,master,1550093236000
923,2409,master,1550093236000
923,2410,master,1550093236000
923,2411,master,1550093236000
923,2412,master,1550093236000
924,2413,master,1550093236000
924,2414,master,1550093236000
924,2415,master,1550093236000
924,2416,master,1550093236000
925,2417,master,1550093236000
925,2418,master,1550093236000
925,2419,master,1550093236000
925,2420,master,1550093236000
926,2421,master,1550093236000
926,2422,master,1550093236000
926,2423,master,1550093236000
926,2424,master,1550093236000
927,2425,master,1550093236000
927,2426,master,1550093236000
927,2427,master,1550093236000
927,2428,master,1550093236000
928,2429,master,1550093236000
928,2430,master,1550093236000
928,2431,master,1550093236000
928,2432,master,1550093236000
929,2433,master,1550093236000
929,2434,master,1550093236000
929,2435,master,1550093236000
929,2436,master,1550093236000
930,2437,master,1550093236000
930,2438,master,1550093236000
930,2439,master,1550093236000
930,2440,master,1550093236000
931,2441,master,1550093236000
931,2442,master,1550093236000
931,2443,master,1550093236000
931,2444,master,1550093236000
932,2445,master,1550093236000
932,2446,master,1550093236000
932,2447,master,1550093236000
932,2448,master,1550093236000
933,2449,master,1550093236000
933,2450,master,1550093236000
933,2451,master,1550093236000
933,2452,master,1550093236000
934,2453,master,1550093236000
934,2454,master,1550093236000
934,2455,master,1550093236000
934,2456,master,1550093236000
935,2457,master,1550093236000
935,2458,master,1550093236000
935,2459,master,1550093236000
935,2460,master,1550093236000
936,2461,master,1550093236000
936,2462,master,1550093236000
936,2463,master,1550093236000
936,2464,master,1550093236000
937,2465,master,1550093236000
937,2466,master,1550093236000
937,2467,master,1550093236000
937,2468,master,1550093236000
938,2469,master,1550093236000
938,2470,master,1550093236000
938,2471,master,1550093236000
938,2472,master,1550093236000
939,2473,master,1550093236000
939,2474,master,1550093236000
939,2475,master,1550093236000
939,2476,master,1550093236000
940,2477,master,1550093236000
940,2478,master,1550093236000
940,2479,master,1550093236000
940,2480,master,1550093236000
941,2481,master,1550093236000
941,2482,master,1550093236000
941,2483,master,1550093236000
941,2484,master,1550093236000
942,2485,master,1550093236000
942,2486,master,1550093236000
942,2487,master,1550093236000
942,2488,master,1550093236000
943,2489,master,1550093236000
943,2490,master,1550093236000
943,2491,master,1550093236000
943,2492,master,1550093236000
944,2493,master,1550093236000
944,2494,master,1550093236000
944,2495,master,1550093236000
944,2496,master,1550093236000
945,2497,master,1550093236000
945,2498,master,1550093236000
945,2499,master,1550093236000
945,2500,master,1550093236000
946,2501,master,1550093236000
946,2502,master,1550093236000
946,2503,master,1550093236000
946,2504,master,1550093236000
947,2505,master,1550093236000
947,2506,master,1550093236000
947,2507,master,1550093236000
947,2508,master,1550093236000
948,2509,master,1550093236000
948,2510,master,1550093236000
948,2511,master,1550093236000
948,2512,master,1550093236000
949,2513,master,1550093236000
949,2514,master,1550093236000
949,2515,master,1550093236000
949,2516,master,1550093236000
950,2517,master,1550093236000
950,2518,master,1550093236000
950,2519,master,1550093236000
950,2520,master,1550093236000
951,2521,master,1550093236000
951,2522,master,1550093236000
951,2523,master,1550093236000
951,2524,master,1550093236000
952,2525,master,1550093236000
952,2526,master,1550093236000
952,2527,master,1550093236000
952,2528,master,1550093236000
953,2529,master,1550093236000
953,2530,master,1550093236000
953,2531,master,1550093236000
953,2532,master,1550093236000
954,2533,master,1550093236000
954,2534,master,1550093236000
954,2535,master,1550093236000
954,2536,master,1550093236000
955,2537,master,1550093236000
955,2538,master,1550093236000
955,2539,master,1550093236000
955,2540,master,1550093236000
956,2541,master,1550093236000
956,2542,master,1550093236000
956,2543,master,1550093236000
956,2544,master,1550093236000
957,2545,master,1550093236000
957,2546,master,1550093236000
957,2547,master,1550093236000
957,2548,master,1550093236000
958,2549,master,1550093236000
958,2550,master,1550093236000
958,2551,master,1550093236000
958,2552,master,1550093236000
959,2553,master,1550093236000
959,2554,master,1550093236000
959,2555,master,1550093236000
959,2556,master,1550093236000
960,2557,master,1550093236000
960,2558,master,1550093236000
960,2559,master,1550093236000
960,2560,master,1550093236000
961,2561,master,1550093236000
961,2562,master,1550093236000
961,2563,master,1550093236000
961,2564,master,1550093236000
962,2565,master,1550093236000
962,2566,master,1550093236000
962,2567,master,1550093236000
962,2568,master,1550093236000
963,2569,master,1550093236000
963,2570,master,1550093236000
963,2571,master,1550093236000
963,2572,master,1550093236000
964,2573,master,1550093236000
964,2574,master,1550093236000
964,2575,master,1550093236000
964,2576,master,1550093236000
965,2577,master,1550093236000
965,2578,master,1550093236000
965,2579,master,1550093236000
965,2580,master,1550093236000
966,2581,master,1550093236000
966,2582,master,1550093236000
966,2583,master,1550093236000
966,2584,master,1550093236000
967,2585,master,1550093236000
967,2586,master,1550093236000
967,2587,master,1550093236000
967,2588,master,1550093236000
968,2589,master,1550093236000
968,2590,master,1550093236000
968,2591,master,1550093236000
968,2592,master,1550093236000
1009,2593,master,1550093236000
1009,2594,master,1550093236000
1009,2595,master,1550093236000
1009,2596,master,1550093236000
1010,2597,master,1550093236000
1010,2598,master,1550093236000
1010,2599,master,1550093236000
1010,2600,master,1550093236000
1011,2601,master,1550093236000
1011,2602,master,1550093236000
1011,2603,master,1550093236000
1011,2604,master,1550093236000
1012,2605,master,1550093236000
1012,2606,master,1550093236000
1012,2607,master,1550093236000
1012,2608,master,1550093236000
1013,2609,master,1550093236000
1013,2610,master,1550093236000
1013,2611,master,1550093236000
1013,2612,master,1550093236000
1014,2613,master,1550093236000
1014,2614,master,1550093236000
1014,2615,master,1550093236000
1014,2616,master,1550093236000
1015,2617,master,1550093236000
1015,2618,master,1550093236000
1015,2619,master,1550093236000
1015,2620,master,1550093236000
1016,2621,master,1550093236000
1016,2622,master,1550093236000
1016,2623,master,1550093236000
1016,2624,master,1550093236000
1017,2625,master,1550093236000
1017,2626,master,1550093236000
1017,2627,master,1550093236000
1017,2628,master,1550093236000
1018,2629,master,1550093236000
1018,2630,master,1550093236000
1018,2631,master,1550093236000
1018,2632,master,1550093236000
1019,2633,master,1550093236000
1019,2634,master,1550093236000
1019,2635,master,1550093236000
1019,2636,master,1550093236000
1020,2637,master,1550093236000
1020,2638,master,1550093236000
1020,2639,master,1550093236000
1020,2640,master,1550093236000
1021,2641,master,1550093236000
1021,2642,master,1550093236000
1021,2643,master,1550093236000
1021,2644,master,1550093236000
1022,2645,master,1550093236000
1022,2646,master,1550093236000
1022,2647,master,1550093236000
1022,2648,master,1550093236000
1023,2649,master,1550093236000
1023,2650,master,1550093236000
1023,2651,master,1550093236000
1023,2652,master,1550093236000
1024,2653,master,1550093236000
1024,2654,master,1550093236000
1024,2655,master,1550093236000
1024,2656,master,1550093236000
1025,2657,master,1550093236000
1025,2658,master,1550093236000
1025,2659,master,1550093236000
1025,2660,master,1550093236000
1026,2661,master,1550093236000
1026,2662,master,1550093236000
1026,2663,master,1550093236000
1026,2664,master,1550093236000
1027,2665,master,1550093236000
1027,2666,master,1550093236000
1027,2667,master,1550093236000
1027,2668,master,1550093236000
1028,2669,master,1550093236000
1028,2670,master,1550093236000
1028,2671,master,1550093236000
1028,2672,master,1550093236000
1029,2673,master,1550093236000
1029,2674,master,1550093236000
1029,2675,master,1550093236000
1029,2676,master,1550093236000
1030,2677,master,1550093236000
1030,2678,master,1550093236000
1030,2679,master,1550093236000
1030,2680,master,1550093236000
1031,2681,master,1550093236000
1031,2682,master,1550093236000
1031,2683,master,1550093236000
1031,2684,master,1550093236000
1032,2685,master,1550093236000
1032,2686,master,1550093236000
1032,2687,master,1550093236000
1032,2688,master,1550093236000
1033,2689,master,1550093236000
1033,2690,master,1550093236000
1033,2691,master,1550093236000
1033,2692,master,1550093236000
1034,2693,master,1550093236000
1034,2694,master,1550093236000
1034,2695,master,1550093236000
1034,2696,master,1550093236000
1035,2697,master,1550093236000
1035,2698,master,1550093236000
1035,2699,master,1550093236000
1035,2700,master,1550093236000
1036,2701,master,1550093236000
1036,2702,master,1550093236000
1036,2703,master,1550093236000
1036,2704,master,1550093236000
1037,2705,master,1550093236000
1037,2706,master,1550093236000
1037,2707,master,1550093236000
1037,2708,master,1550093236000
1038,2709,master,1550093236000
1038,2710,master,1550093236000
1038,2711,master,1550093236000
1038,2712,master,1550093236000
1039,2713,master,1550093236000
1039,2714,master,1550093236000
1039,2715,master,1550093236000
1039,2716,master,1550093236000
1040,2717,master,1550093236000
1040,2718,master,1550093236000
1040,2719,master,1550093236000
1040,2720,master,1550093236000
1041,2721,master,1550093236000
1041,2722,master,1550093236000
1041,2723,master,1550093236000
1041,2724,master,1550093236000
1042,2725,master,1550093236000
1042,2726,master,1550093236000
1042,2727,master,1550093236000
1042,2728,master,1550093236000
1043,2729,master,1550093236000
1043,2730,master,1550093236000
1043,2731,master,1550093236000
1043,2732,master,1550093236000
1044,2733,master,1550093236000
1044,2734,master,1550093236000
1044,2735,master,1550093236000
1044,2736,master,1550093236000
1045,2737,master,1550093236000
1045,2738,master,1550093236000
1045,2739,master,1550093236000
1045,2740,master,1550093236000
1046,2741,master,1550093236000
1046,2742,master,1550093236000
1046,2743,master,1550093236000
1046,2744,master,1550093236000
1047,2745,master,1550093236000
1047,2746,master,1550093236000
1047,2747,master,1550093236000
1047,2748,master,1550093236000
1048,2749,master,1550093236000
1048,2750,master,1550093236000
1048,2751,master,1550093236000
1048,2752,master,1550093236000
1049,2753,master,1550093236000
1049,2754,master,1550093236000
1049,2755,master,1550093236000
1049,2756,master,1550093236000
1050,2757,master,1550093236000
1050,2758,master,1550093236000
1050,2759,master,1550093236000
1050,2760,master,1550093236000
1051,2761,master,1550093236000
1051,2762,master,1550093236000
1051,2763,master,1550093236000
1051,2764,master,1550093236000
1052,2765,master,1550093236000
1052,2766,master,1550093236000
1052,2767,master,1550093236000
1052,2768,master,1550093236000
1053,2769,master,1550093236000
1053,2770,master,1550093236000
1053,2771,master,1550093236000
1053,2772,master,1550093236000
1054,2773,master,1550093236000
1054,2774,master,1550093236000
1054,2775,master,1550093236000
1054,2776,master,1550093236000
1055,2777,master,1550093236000
1055,2778,master,1550093236000
1055,2779,master,1550093236000
1055,2780,master,1550093236000
1056,2781,master,1550093236000
1056,2782,master,1550093236000
1056,2783,master,1550093236000
1056,2784,master,1550093236000
1057,2785,master,1550093236000
1057,2786,master,1550093236000
1057,2787,master,1550093236000
1057,2788,master,1550093236000
1058,2789,master,1550093236000
1058,2790,master,1550093236000
1058,2791,master,1550093236000
1058,2792,master,1550093236000
1059,2793,master,1550093236000
1059,2794,master,1550093236000
1059,2795,master,1550093236000
1059,2796,master,1550093236000
1060,2797,master,1550093236000
1060,2798,master,1550093236000
1060,2799,master,1550093236000
1060,2800,master,1550093236000
1061,2801,master,1550093236000
1061,2802,master,1550093236000
1061,2803,master,1550093236000
1061,2804,master,1550093236000
1062,2805,master,1550093236000
1062,2806,master,1550093236000
1062,2807,master,1550093236000
1062,2808,master,1550093236000
1063,2809,master,1550093236000
1063,2810,master,1550093236000
1063,2811,master,1550093236000
1063,2812,master,1550093236000
1064,2813,master,1550093236000
1064,2814,master,1550093236000
1064,2815,master,1550093236000
1064,2816,master,1550093236000
1065,2817,master,1550093236000
1065,2818,master,1550093236000
1065,2819,master,1550093236000
1065,2820,master,1550093236000
1066,2821,master,1550093236000
1066,2822,master,1550093236000
1066,2823,master,1550093236000
1066,2824,master,1550093236000
1067,2825,master,1550093236000
1067,2826,master,1550093236000
1067,2827,master,1550093236000
1067,2828,master,1550093236000
1068,2829,master,1550093236000
1068,2830,master,1550093236000
1068,2831,master,1550093236000
1068,2832,master,1550093236000
1069,2833,master,1550093236000
1069,2834,master,1550093236000
1069,2835,master,1550093236000
1069,2836,master,1550093236000
1070,2837,master,1550093236000
1070,2838,master,1550093236000
1070,2839,master,1550093236000
1070,2840,master,1550093236000
1071,2841,master,1550093236000
1071,2842,master,1550093236000
1071,2843,master,1550093236000
1071,2844,master,1550093236000
1072,2845,master,1550093236000
1072,2846,master,1550093236000
1072,2847,master,1550093236000
1072,2848,master,1550093236000
1073,2849,master,1550093236000
1073,2850,master,1550093236000
1073,2851,master,1550093236000
1073,2852,master,1550093236000
1074,2853,master,1550093236000
1074,2854,master,1550093236000
1074,2855,master,1550093236000
1074,2856,master,1550093236000
1075,2857,master,1550093236000
1075,2858,master,1550093236000
1075,2859,master,1550093236000
1075,2860,master,1550093236000
1076,2861,master,1550093236000
1076,2862,master,1550093236000
1076,2863,master,1550093236000
1076,2864,master,1550093236000
1077,2865,master,1550093236000
1077,2866,master,1550093236000
1077,2867,master,1550093236000
1077,2868,master,1550093236000
1078,2869,master,1550093236000
1078,2870,master,1550093236000
1078,2871,master,1550093236000
1078,2872,master,1550093236000
1079,2873,master,1550093236000
1079,2874,master,1550093236000
1079,2875,master,1550093236000
1079,2876,master,1550093236000
1080,2877,master,1550093236000
1080,2878,master,1550093236000
1080,2879,master,1550093236000
1080,2880,master,1550093236000
1081,2881,master,1550093236000
1081,2882,master,1550093236000
1081,2883,master,1550093236000
1081,2884,master,1550093236000
1082,2885,master,1550093236000
1082,2886,master,1550093236000
1082,2887,master,1550093236000
1082,2888,master,1550093236000
1083,2889,master,1550093236000
1083,2890,master,1550093236000
1083,2891,master,1550093236000
1083,2892,master,1550093236000
1084,2893,master,1550093236000
1084,2894,master,1550093236000
1084,2895,master,1550093236000
1084,2896,master,1550093236000
1085,2897,master,1550093236000
1085,2898,master,1550093236000
1085,2899,master,1550093236000
1085,2900,master,1550093236000
1086,2901,master,1550093236000
1086,2902,master,1550093236000
1086,2903,master,1550093236000
1086,2904,master,1550093236000
1087,2905,master,1550093236000
1087,2906,master,1550093236000
1087,2907,master,1550093236000
1087,2908,master,1550093236000
1088,2909,master,1550093236000
1088,2910,master,1550093236000
1088,2911,master,1550093236000
1088,2912,master,1550093236000
1089,2913,master,1550093236000
1089,2914,master,1550093236000
1089,2915,master,1550093236000
1089,2916,master,1550093236000
1130,2917,master,1550093236000
1130,2918,master,1550093236000
1130,2919,master,1550093236000
1130,2920,master,1550093236000
1131,2921,master,1550093236000
1131,2922,master,1550093236000
1131,2923,master,1550093236000
1131,2924,master,1550093236000
1132,2925,master,1550093236000
1132,2926,master,1550093236000
1132,2927,master,1550093236000
1132,2928,master,1550093236000
1133,2929,master,1550093236000
1133,2930,master,1550093236000
1133,2931,master,1550093236000
1133,2932,master,1550093236000
1134,2933,master,1550093236000
1134,2934,master,1550093236000
1134,2935,master,1550093236000
1134,2936,master,1550093236000
1135,2937,master,1550093236000
1135,2938,master,1550093236000
1135,2939,master,1550093236000
1135,2940,master,1550093236000
1136,2941,master,1550093236000
1136,2942,master,1550093236000
1136,2943,master,1550093236000
1136,2944,master,1550093236000
1137,2945,master,1550093236000
1137,2946,master,1550093236000
1137,2947,master,1550093236000
1137,2948,master,1550093236000
1138,2949,master,1550093236000
1138,2950,master,1550093236000
1138,2951,master,1550093236000
1138,2952,master,1550093236000
1139,2953,master,1550093236000
1139,2954,master,1550093236000
1139,2955,master,1550093236000
1139,2956,master,1550093236000
1140,2957,master,1550093236000
1140,2958,master,1550093236000
1140,2959,master,1550093236000
1140,2960,master,1550093236000
1141,2961,master,1550093236000
1141,2962,master,1550093236000
1141,2963,master,1550093236000
1141,2964,master,1550093236000
1142,2965,master,1550093236000
1142,2966,master,1550093236000
1142,2967,master,1550093236000
1142,2968,master,1550093236000
1143,2969,master,1550093236000
1143,2970,master,1550093236000
1143,2971,master,1550093236000
1143,2972,master,1550093236000
1144,2973,master,1550093236000
1144,2974,master,1550093236000
1144,2975,master,1550093236000
1144,2976,master,1550093236000
1145,2977,master,1550093236000
1145,2978,master,1550093236000
1145,2979,master,1550093236000
1145,2980,master,1550093236000
1146,2981,master,1550093236000
1146,2982,master,1550093236000
1146,2983,master,1550093236000
1146,2984,master,1550093236000
1147,2985,master,1550093236000
1147,2986,master,1550093236000
1147,2987,master,1550093236000
1147,2988,master,1550093236000
1148,2989,master,1550093236000
1148,2990,master,1550093236000
1148,2991,master,1550093236000
1148,2992,master,1550093236000
1149,2993,master,1550093236000
1149,2994,master,1550093236000
1149,2995,master,1550093236000
1149,2996,master,1550093236000
1150,2997,master,1550093236000
1150,2998,master,1550093236000
1150,2999,master,1550093236000
1150,3000,master,1550093236000
1151,3001,master,1550093236000
1151,3002,master,1550093236000
1151,3003,master,1550093236000
1151,3004,master,1550093236000
1152,3005,master,1550093236000
1152,3006,master,1550093236000
1152,3007,master,1550093236000
1152,3008,master,1550093236000
1153,3009,master,1550093236000
1153,3010,master,1550093236000
1153,3011,master,1550093236000
1153,3012,master,1550093236000
1154,3013,master,1550093236000
1154,3014,master,1550093236000
1154,3015,master,1550093236000
1154,3016,master,1550093236000
1155,3017,master,1550093236000
1155,3018,master,1550093236000
1155,3019,master,1550093236000
1155,3020,master,1550093236000
1156,3021,master,1550093236000
1156,3022,master,1550093236000
1156,3023,master,1550093236000
1156,3024,master,1550093236000
1157,3025,master,1550093236000
1157,3026,master,1550093236000
1157,3027,master,1550093236000
1157,3028,master,1550093236000
1158,3029,master,1550093236000
1158,3030,master,1550093236000
1158,3031,master,1550093236000
1158,3032,master,1550093236000
1159,3033,master,1550093236000
1159,3034,master,1550093236000
1159,3035,master,1550093236000
1159,3036,master,1550093236000
1160,3037,master,1550093236000
1160,3038,master,1550093236000
1160,3039,master,1550093236000
1160,3040,master,1550093236000
1161,3041,master,1550093236000
1161,3042,master,1550093236000
1161,3043,master,1550093236000
1161,3044,master,1550093236000
1162,3045,master,1550093236000
1162,3046,master,1550093236000
1162,3047,master,1550093236000
1162,3048,master,1550093236000
1163,3049,master,1550093236000
1163,3050,master,1550093236000
1163,3051,master,1550093236000
1163,3052,master,1550093236000
1164,3053,master,1550093236000
1164,3054,master,1550093236000
1164,3055,master,1550093236000
1164,3056,master,1550093236000
1165,3057,master,1550093236000
1165,3058,master,1550093236000
1165,3059,master,1550093236000
1165,3060,master,1550093236000
1166,3061,master,1550093236000
1166,3062,master,1550093236000
1166,3063,master,1550093236000
1166,3064,master,1550093236000
1167,3065,master,1550093236000
1167,3066,master,1550093236000
1167,3067,master,1550093236000
1167,3068,master,1550093236000
1168,3069,master,1550093236000
1168,3070,master,1550093236000
1168,3071,master,1550093236000
1168,3072,master,1550093236000
1169,3073,master,1550093236000
1169,3074,master,1550093236000
1169,3075,master,1550093236000
1169,3076,master,1550093236000
1170,3077,master,1550093236000
1170,3078,master,1550093236000
1170,3079,master,1550093236000
1170,3080,master,1550093236000
1171,3081,master,1550093236000
1171,3082,master,1550093236000
1171,3083,master,1550093236000
1171,3084,master,1550093236000
1172,3085,master,1550093236000
1172,3086,master,1550093236000
1172,3087,master,1550093236000
1172,3088,master,1550093236000
1173,3089,master,1550093236000
1173,3090,master,1550093236000
1173,3091,master,1550093236000
1173,3092,master,1550093236000
1174,3093,master,1550093236000
1174,3094,master,1550093236000
1174,3095,master,1550093236000
1174,3096,master,1550093236000
1175,3097,master,1550093236000
1175,3098,master,1550093236000
1175,3099,master,1550093236000
1175,3100,master,1550093236000
1176,3101,master,1550093236000
1176,3102,master,1550093236000
1176,3103,master,1550093236000
1176,3104,master,1550093236000
1177,3105,master,1550093236000
1177,3106,master,1550093236000
1177,3107,master,1550093236000
1177,3108,master,1550093236000
1178,3109,master,1550093236000
1178,3110,master,1550093236000
1178,3111,master,1550093236000
1178,3112,master,1550093236000
1179,3113,master,1550093236000
1179,3114,master,1550093236000
1179,3115,master,1550093236000
1179,3116,master,1550093236000
1180,3117,master,1550093236000
1180,3118,master,1550093236000
1180,3119,master,1550093236000
1180,3120,master,1550093236000
1181,3121,master,1550093236000
1181,3122,master,1550093236000
1181,3123,master,1550093236000
1181,3124,master,1550093236000
1182,3125,master,1550093236000
1182,3126,master,1550093236000
1182,3127,master,1550093236000
1182,3128,master,1550093236000
1183,3129,master,1550093236000
1183,3130,master,1550093236000
1183,3131,master,1550093236000
1183,3132,master,1550093236000
1184,3133,master,1550093236000
1184,3134,master,1550093236000
1184,3135,master,1550093236000
1184,3136,master,1550093236000
1185,3137,master,1550093236000
1185,3138,master,1550093236000
1185,3139,master,1550093236000
1185,3140,master,1550093236000
1186,3141,master,1550093236000
1186,3142,master,1550093236000
1186,3143,master,1550093236000
1186,3144,master,1550093236000
1187,3145,master,1550093236000
1187,3146,master,1550093236000
1187,3147,master,1550093236000
1187,3148,master,1550093236000
1188,3149,master,1550093236000
1188,3150,master,1550093236000
1188,3151,master,1550093236000
1188,3152,master,1550093236000
1189,3153,master,1550093236000
1189,3154,master,1550093236000
1189,3155,master,1550093236000
1189,3156,master,1550093236000
1190,3157,master,1550093236000
1190,3158,master,1550093236000
1190,3159,master,1550093236000
1190,3160,master,1550093236000
1191,3161,master,1550093236000
1191,3162,master,1550093236000
1191,3163,master,1550093236000
1191,3164,master,1550093236000
1192,3165,master,1550093236000
1192,3166,master,1550093236000
1192,3167,master,1550093236000
1192,3168,master,1550093236000
1193,3169,master,1550093236000
1193,3170,master,1550093236000
1193,3171,master,1550093236000
1193,3172,master,1550093236000
1194,3173,master,1550093236000
1194,3174,master,1550093236000
1194,3175,master,1550093236000
1194,3176,master,1550093236000
1195,3177,master,1550093236000
1195,3178,master,1550093236000
1195,3179,master,1550093236000
1195,3180,master,1550093236000
1196,3181,master,1550093236000
1196,3182,master,1550093236000
1196,3183,master,1550093236000
1196,3184,master,1550093236000
1197,3185,master,1550093236000
1197,3186,master,1550093236000
1197,3187,master,1550093236000
1197,3188,master,1550093236000
1198,3189,master,1550093236000
1198,3190,master,1550093236000
1198,3191,master,1550093236000
1198,3192,master,1550093236000
1199,3193,master,1550093236000
1199,3194,master,1550093236000
1199,3195,master,1550093236000
1199,3196,master,1550093236000
1200,3197,master,1550093236000
1200,3198,master,1550093236000
1200,3199,master,1550093236000
1200,3200,master,1550093236000
1201,3201,master,1550093236000
1201,3202,master,1550093236000
1201,3203,master,1550093236000
1201,3204,master,1550093236000
1202,3205,master,1550093236000
1202,3206,master,1550093236000
1202,3207,master,1550093236000
1202,3208,master,1550093236000
1203,3209,master,1550093236000
1203,3210,master,1550093236000
1203,3211,master,1550093236000
1203,3212,master,1550093236000
1204,3213,master,1550093236000
1204,3214,master,1550093236000
1204,3215,master,1550093236000
1204,3216,master,1550093236000
1205,3217,master,1550093236000
1205,3218,master,1550093236000
1205,3219,master,1550093236000
1205,3220,master,1550093236000
1206,3221,master,1550093236000
1206,3222,master,1550093236000
1206,3223,master,1550093236000
1206,3224,master,1550093236000
1207,3225,master,1550093236000
1207,3226,master,1550093236000
1207,3227,master,1550093236000
1207,3228,master,1550093236000
1208,3229,master,1550093236000
1208,3230,master,1550093236000
1208,3231,master,1550093236000
1208,3232,master,1550093236000
1209,3233,master,1550093236000
1209,3234,master,1550093236000
1209,3235,master,1550093236000
1209,3236,master,1550093236000
1210,3237,master,1550093236000
1210,3238,master,1550093236000
1210,3239,master,1550093236000
1210,3240,master,1550093236000
