342,master,1550542173000
683,master,1550542173000
1024,master,1550542173000
1365,master,1550542173000
1706,master,1550542173000
2047,master,1550542173000
2388,master,1550542173000
2729,master,1550542173000
3070,master,1550542173000
3411,master,1550542173000
3752,master,1550542173000
4093,master,1550542173000
4434,master,1550542173000
4775,master,1550542173000
5116,master,1550542173000
5457,master,1550542173000
5798,master,1550542173000
6139,master,1550542173000
6480,master,1550542173000
6821,master,1550542173000
7162,master,1550542173000
7503,master,1550542173000
7844,master,1550542173000
8185,master,1550542173000
8526,master,1550542173000
8867,master,1550542173000
9208,master,1550542173000
9549,master,1550542173000
9890,master,1550542173000
10231,master,1550542173000
1,master,1550542173000
